LocationID,City,State,Country,Elevation,Latitude,Longitude
1,Unknown,Florida,USA,18.0,27.7639884,-82.3441468
2,Unknown,Florida,USA,14.0,27.970503,-82.778133
3,Unknown,Florida,USA,1.2,24.650492,-81.437044
4,Unknown,Florida,USA,1.2,24.575591,-81.742522
5,Unknown,Florida,USA,14.6,27.737448,-82.371593
6,Unknown,Florida,USA,16.2,27.724578,-82.344519
7,Unknown,Florida,USA,37.8,27.994605,-82.144176
8,Unknown,Florida,USA,1.8,24.65204,-81.445395
9,Unknown,Florida,USA,2.7,26.279769,-81.758328
10,Unknown,Florida,USA,0.3,24.558752,-81.765974
11,Unknown,Florida,USA,7.0,26.097565,-81.722053
12,Unknown,Florida,USA,4.9,27.783306,-82.74228
13,Unknown,Florida,USA,-0.6,24.57986,-81.73497
14,Unknown,Florida,USA,11.3,27.82843,-82.78855
15,Unknown,Florida,USA,12.8,28.7299,-80.8795
16,Unknown,Florida,USA,16.5,27.800713,-82.674117
17,Unknown,Florida,USA,15.8,28.0274381,-82.7743619
18,Unknown,Florida,USA,21.6,27.967508,-82.276883
19,Unknown,Florida,USA,1.5,27.836944,-82.64995
20,Unknown,Florida,USA,8.5,28.45848,-80.70775
21,Unknown,Florida,USA,2.4,27.1006,-82.4364
22,Unknown,Florida,USA,25.6,27.9697,-82.296
23,Unknown,Florida,USA,11.6,27.886941,-82.34495
24,Unknown,Florida,USA,9.8,29.79561,-82.91785
25,Unknown,Florida,USA,3.0,29.7652,-81.4697
26,Unknown,Florida,USA,11.6,28.070012,-82.558739
27,Unknown,Florida,USA,39.3,27.973,-82.0771
28,Unknown,Florida,USA,25.6,28.98179,-81.28001
29,Unknown,Florida,USA,21.6,28.978914,-81.235256
30,Unknown,Florida,USA,10.4,29.61347,-81.27258
31,Unknown,Florida,USA,3.0,29.332109,-81.064317
32,Unknown,Florida,USA,8.5,29.26925,-81.0335
33,Unknown,Florida,USA,12.2,29.12087,-81.01041
34,Unknown,Florida,USA,19.8,29.54405,-81.2398
35,Unknown,Florida,USA,18.6,29.10949,-81.330245
36,Unknown,Florida,USA,5.4,30.39333,-86.46738
37,Unknown,Florida,USA,18.6,27.8703,-81.0435
38,Unknown,Florida,USA,1.2,24.69318,-81.37925
39,Unknown,Florida,USA,11.9,30.33708,-81.51277
40,Unknown,Florida,USA,3.7,25.32093,-80.28178
41,Unknown,Florida,USA,7.3,29.544003,-81.21661
42,Unknown,Florida,USA,7.9,29.050979,-81.057293
43,Unknown,Florida,USA,12.2,29.5135373,-81.2507217
44,Unknown,Florida,USA,9.4,29.4504,-81.2156
45,Unknown,Florida,USA,1.2,29.30626,-81.0645
46,Unknown,Florida,USA,11.0,29.58079,-81.22079
47,Unknown,Florida,USA,1.8,24.85058,-80.73566
48,Unknown,Florida,USA,17.4,28.9707,-81.2341
49,Unknown,Florida,USA,22.6,29.077239,-81.34761
50,Unknown,Florida,USA,59.4,30.1852,-82.5941
51,Unknown,Florida,USA,0.6,24.72143,-81.390759
52,Unknown,Florida,USA,0.9,24.720189,-81.05572
53,Unknown,Florida,USA,9.1,29.512287,-81.212819
54,Unknown,Florida,USA,6.1,29.44176,-81.1106
55,Unknown,Florida,USA,13.7,29.51611,-81.24503
56,Unknown,Florida,USA,6.7,29.11216,-81.00705
57,Unknown,Florida,USA,16.8,29.59384,-81.19681
58,Unknown,Florida,USA,39.9,28.86462,-82.41139
59,Unknown,Florida,USA,7.0,29.1452,-80.99597
60,Unknown,Florida,USA,6.1,29.456418,-81.116289
61,Unknown,Florida,USA,34.7,28.8222547,-82.3248198
62,Unknown,Florida,USA,6.7,29.342091,-81.067134
63,Unknown,Florida,USA,6.7,28.852901,-82.585779
64,Unknown,Florida,USA,10.7,28.1136,-80.654
65,Unknown,Florida,USA,0.9,24.637004,-81.566932
66,Unknown,Florida,USA,10.1,28.145981,-82.729787
67,Unknown,Florida,USA,1.2,28.09081,-82.776453
68,Unknown,Florida,USA,2.1,24.55501,-81.79218
69,Unknown,Florida,USA,1.2,24.873651,-80.701495
70,Unknown,Florida,USA,0.3,24.6631,-81.4919
71,Unknown,Florida,USA,57.9,30.775028,-86.6651311
72,Unknown,Florida,USA,47.5,30.711269,-86.56037
73,Unknown,Florida,USA,2.7,24.563056,-81.768611
74,Unknown,Florida,USA,2.1,29.59963,-81.20458
75,Unknown,Florida,USA,1.2,25.1359728,-80.3974373
76,Unknown,Florida,USA,20.1,29.02933,-81.29249
77,Unknown,Florida,USA,15.2,29.1278,-81.30043
78,Unknown,Florida,USA,13.7,29.031821,-80.984001
79,Unknown,Florida,USA,49.9,30.69729,-87.02073
80,Unknown,Florida,USA,9.4,27.889942,-82.659935
81,Unknown,Florida,USA,14.6,27.890416,-82.793086
82,Unknown,Florida,USA,5.8,29.472222,-81.243889
83,Unknown,Florida,USA,1.5,24.69326,-81.37385
84,Unknown,Florida,USA,,28.966198,-80.906013
85,Unknown,Florida,USA,25.3,30.45733,-84.17725
86,Unknown,Florida,USA,7.3,29.1,-81.05276
87,Unknown,Florida,USA,2.4,29.149417,-80.969621
88,Unknown,Florida,USA,4.6,27.07468,-82.4063
89,Unknown,Florida,USA,8.5,27.609855,-82.498996
90,Unknown,Florida,USA,7.0,28.73031,-82.53906
91,Unknown,Florida,USA,5.2,27.311424,-82.515153
92,Unknown,Florida,USA,4.3,30.4025,-86.490833
93,Unknown,Florida,USA,21.3,28.134079,-82.471878
94,Unknown,Florida,USA,41.1,28.88278,-82.43333
95,Unknown,Florida,USA,31.4,30.4106,-84.21798
96,Unknown,Florida,USA,25.9,28.9021,-81.2945
97,Unknown,Florida,USA,23.2,28.871665,-82.4114
98,Unknown,Florida,USA,50.6,28.874131,-82.441128
99,Unknown,Florida,USA,19.2,30.39058,-84.22671
100,Unknown,Florida,USA,46.0,30.441156,-84.271997
101,Unknown,Florida,USA,7.0,27.8735122680664,-82.3028869628906
102,Unknown,Florida,USA,21.6,30.42558,-84.19498
103,Unknown,Florida,USA,12.5,30.454939,-86.644646
104,Unknown,Florida,USA,7.6,27.4419,-80.3508
105,Unknown,Florida,USA,4.9,30.460638,-86.589541
106,Unknown,Florida,USA,26.2,30.513885,-86.499279
107,Unknown,Florida,USA,3.0,30.416362,-86.591463
108,Unknown,Florida,USA,17.1,30.34869,-85.78835
109,Unknown,Florida,USA,7.3,27.475617,-82.597401
110,Unknown,Florida,USA,6.4,27.411907,-82.426655
111,Unknown,Florida,USA,18.0,28.651958,-81.120867
112,Unknown,Florida,USA,39.0,30.2717,-82.1856
113,Unknown,Florida,USA,25.3,30.0812,-82.671
114,Unknown,Florida,USA,31.7,30.442466,-84.194941
115,Unknown,Florida,USA,18.0,28.787624,-81.271144
116,Unknown,Florida,USA,10.7,26.84,-81.0872
117,Unknown,Florida,USA,38.1,27.897736,-81.977512
118,Unknown,Florida,USA,53.0,28.00214,-81.96907
119,Unknown,Florida,USA,27.1,28.870996,-82.527257
120,Unknown,Florida,USA,11.9,27.427464,-82.400139
121,Unknown,Florida,USA,49.1,30.5076923370361,-84.2197799682617
122,Unknown,Florida,USA,23.2,28.92978,-82.37039
123,Unknown,Florida,USA,49.1,30.1706400573904,-82.6036491227075
124,Unknown,Florida,USA,66.8,30.4405,-83.9858
125,Unknown,Florida,USA,39.9,28.099386,-81.892181
126,Unknown,Florida,USA,20.7,29.916637,-82.6751257
127,Unknown,Florida,USA,36.3,30.4779,-84.19283
128,Unknown,Florida,USA,28.7,30.319669,-82.794203
129,Unknown,Florida,USA,41.5,27.914667,-81.86809
130,Unknown,Florida,USA,31.4,29.971833,-82.670401
131,Unknown,Florida,USA,45.1,30.068055,-82.62196
132,Unknown,Florida,USA,3.7,29.87643,-81.3101
133,Unknown,Florida,USA,38.4,28.05147,-81.8443
134,Unknown,Florida,USA,4.9,30.4109,-86.6475
135,Unknown,Florida,USA,0.9,27.488558,-82.681792
136,Unknown,Florida,USA,24.1,30.512333,-86.4305
137,Unknown,Florida,USA,5.8,27.403932,-82.488508
138,Unknown,Florida,USA,7.0,27.523869,-82.37319
139,Unknown,Florida,USA,11.0,27.4272943,-82.4633771
140,Unknown,Florida,USA,4.3,27.518187,-82.651069
141,Unknown,Florida,USA,6.4,27.504967,-82.400487
142,Unknown,Florida,USA,16.8,28.068676,-82.496521
143,Unknown,Florida,USA,29.9,30.508166,-84.283457
144,Unknown,Florida,USA,18.0,28.086432,-82.515349
145,Unknown,Florida,USA,52.7,28.33809,-82.26015
146,Unknown,Florida,USA,20.7,28.1648,-82.2965
147,Unknown,Florida,USA,8.2,27.91527,-80.64573
148,Unknown,Florida,USA,1.5,29.6319,-81.2061
149,Unknown,Florida,USA,6.1,26.8261,-80.1488
150,Unknown,Florida,USA,4.9,28.6244,-80.8169
151,Unknown,Florida,USA,27.4,29.588415,-82.521126
152,Unknown,Florida,USA,21.0,29.09954,-81.356858
153,Unknown,Florida,USA,45.1,30.420175,-84.54375
154,Unknown,Florida,USA,53.6,29.65599,-82.32329
155,Unknown,Florida,USA,41.8,29.612167,-82.444544
156,Unknown,Florida,USA,50.0,29.6834,-82.3853
157,Unknown,Florida,USA,28.0,29.087,-81.344
158,Unknown,Florida,USA,7.0,29.031437,-80.894704
159,Unknown,Florida,USA,7.0,29.265,-81.0472
160,Unknown,Florida,USA,18.0,27.430921,-82.415236
161,Unknown,Florida,USA,11.9,27.413209,-82.368345
162,Unknown,Florida,USA,8.8,29.1966,-81.0084
163,Unknown,Florida,USA,1.2,24.55338,-81.78807
164,Unknown,Florida,USA,15.5,27.9942,-82.269
165,Unknown,Florida,USA,37.2,30.594969,-84.267948
166,Unknown,Florida,USA,18.0,28.058998,-82.48711
167,Unknown,Florida,USA,4.3,25.7553,-80.3836
168,Unknown,Florida,USA,14.0,30.504883,-86.45918
169,Unknown,Florida,USA,34.7,30.5301,-87.19847
170,Unknown,Florida,USA,3.4,27.50992,-82.62971
171,Unknown,Florida,USA,11.0,30.49385,-86.439794
172,Unknown,Florida,USA,18.9,30.52436,-86.49238
173,Unknown,Florida,USA,10.1,27.70357,-82.40661
174,Unknown,Florida,USA,17.7,28.09391,-82.25614
175,Unknown,Florida,USA,3.0,30.2875,-81.3927
176,Unknown,Florida,USA,25.0,29.60066,-82.34533
177,Unknown,Florida,USA,43.9,29.66918,-82.34958
178,Unknown,Florida,USA,10.1,27.54,-82.422
179,Unknown,Florida,USA,32.6,27.4687,-81.41699
180,Unknown,Florida,USA,0.9,25.1422,-80.9144
181,Unknown,Florida,USA,36.6,29.6164,-82.1658
182,Unknown,Florida,USA,57.9,29.68085,-82.32951
183,Unknown,Florida,USA,52.1,30.446293,-84.29968
184,Unknown,Florida,USA,68.0,30.571551,-84.256461
185,Unknown,Florida,USA,14.6,27.903022,-82.326364
186,Unknown,Florida,USA,46.9,29.709135,-82.066162
187,Unknown,Florida,USA,49.1,29.684325,-82.384629
188,Unknown,Florida,USA,26.2,27.4415,-81.33767
189,Unknown,Florida,USA,8.5,26.550393,-81.650833
190,Unknown,Florida,USA,4.9,26.530387,-81.90266
191,Unknown,Florida,USA,8.2,27.7859577,-80.5932202
192,Unknown,Florida,USA,9.1,30.330356,-87.386389
193,Unknown,Florida,USA,25.9,29.64164,-82.42455
194,Unknown,Florida,USA,18.3,30.443333,-87.191667
195,Unknown,Florida,USA,6.4,27.764554,-80.53431
196,Unknown,Florida,USA,25.6,29.657232,-82.463644
197,Unknown,Florida,USA,6.4,27.7371091,-80.5346294
198,Unknown,Florida,USA,10.1,27.061,-82.172
199,Unknown,Florida,USA,10.7,27.65933,-80.4515
200,Unknown,Florida,USA,28.3,29.606028,-82.362306
201,Unknown,Florida,USA,17.1,27.113171,-82.165734
202,Unknown,Florida,USA,6.4,27.80153,-80.4913
203,Unknown,Florida,USA,20.7,29.5348,-82.2681
204,Unknown,Florida,USA,32.3,29.51978,-82.312725
205,Unknown,Florida,USA,21.6,28.175102,-82.33764
206,Unknown,Florida,USA,0.9,26.593662,-81.933064
207,Unknown,Florida,USA,32.6,27.533399,-81.489564
208,Unknown,Florida,USA,50.6,30.677,-87.378
209,Unknown,Florida,USA,6.7,30.108056,-85.179722
210,Unknown,Florida,USA,1.5,26.526931,-81.88424
211,Unknown,Florida,USA,2.1,26.62325,-81.94973
212,Unknown,Florida,USA,6.4,27.030939,-82.031259
213,Unknown,Florida,USA,4.0,26.93445,-82.25716
214,Unknown,Florida,USA,2.4,26.71693,-81.7211
215,Unknown,Florida,USA,4.6,26.4435404,-81.8179002
216,Unknown,Florida,USA,12.2,30.33739,-87.35438
217,Unknown,Florida,USA,7.3,27.71092,-80.44274
218,Unknown,Florida,USA,4.9,27.5591,-80.3935
219,Unknown,Florida,USA,35.1,29.6478176116943,-82.36181640625
220,Unknown,Florida,USA,3.0,25.95,-80.2158
221,Unknown,Florida,USA,6.7,27.80184,-82.73465
222,Unknown,Florida,USA,3.7,27.0474,-82.237
223,Unknown,Florida,USA,4.9,26.286,-80.103
224,Unknown,Florida,USA,10.4,27.8208047,-80.5931392
225,Unknown,Florida,USA,3.7,28.22194,-82.7407
226,Unknown,Florida,USA,5.8,27.630637,-80.449648
227,Unknown,Florida,USA,7.0,28.187136,-82.623338
228,Unknown,Florida,USA,4.6,25.74429,-80.21692
229,Unknown,Florida,USA,1.8,27.023073,-81.993119
230,Unknown,Florida,USA,2.7,26.637205,-81.877153
231,Unknown,Florida,USA,49.7,29.67778,-82.426389
232,Unknown,Florida,USA,3.4,26.9882661,-82.1189193
233,Unknown,Florida,USA,32.9,27.2877,-81.3853
234,Unknown,Florida,USA,2.1,27.66263,-80.36635
235,Unknown,Florida,USA,5.8,27.054479,-82.152672
236,Unknown,Florida,USA,55.2,29.737964,-82.416213
237,Unknown,Florida,USA,25.9,27.405027,-81.246061
238,Unknown,Florida,USA,37.2,30.805389,-85.661797
239,Unknown,Florida,USA,2.1,26.56737,-81.99795
240,Unknown,Florida,USA,4.0,26.60641,-81.87727
241,Unknown,Florida,USA,39.6,30.50562,-82.94907
242,Unknown,Florida,USA,6.4,27.610172,-80.39295
243,Unknown,Florida,USA,5.8,27.59959,-80.416643
244,Unknown,Florida,USA,5.8,27.642899,-80.44938
245,Unknown,Florida,USA,1.2,25.84308,-80.18248
246,Unknown,Florida,USA,16.8,30.39638,-84.35581
247,Unknown,Florida,USA,8.8,27.3401393890381,-82.5234756469727
248,Unknown,Florida,USA,72.2,30.54509,-84.59855
249,Unknown,Florida,USA,26.8,28.202699,-82.440046
250,Unknown,Florida,USA,29.6,27.342366,-81.42898
251,Unknown,Florida,USA,53.3,29.65547,-82.31708
252,Unknown,Florida,USA,57.0,30.633971,-87.15933
253,Unknown,Florida,USA,0.9,28.6159,-80.6929
254,Unknown,Florida,USA,12.2,27.70532,-82.40092
255,Unknown,Florida,USA,45.7,27.1526,-81.3689
256,Unknown,Florida,USA,1.2,25.8996,-81.3183
257,Unknown,Florida,USA,13.4,28.05745,-82.47511
258,Unknown,Florida,USA,2.4,25.4897,-80.4911
259,Unknown,Florida,USA,5.8,26.518,-80.145
260,Unknown,Florida,USA,9.1,26.945819,-80.229858
261,Unknown,Florida,USA,2.4,25.741544,-80.438633
262,Unknown,Florida,USA,20.1,30.567783,-85.87305
263,Unknown,Florida,USA,1.2,27.2779350280762,-82.5501403808594
264,Unknown,Florida,USA,82.6,30.58578,-85.57757
265,Unknown,Florida,USA,6.7,27.075128,-82.213676
266,Unknown,Florida,USA,13.1,30.625276,-85.71065
267,Unknown,Florida,USA,22.3,29.786949,-82.627651
268,Unknown,Florida,USA,1.8,25.979063,-80.274199
269,Unknown,Florida,USA,11.9,26.607032,-80.172049
270,Unknown,Florida,USA,15.8,26.633057,-80.066103
271,Unknown,Florida,USA,33.2,28.02091,-82.13923
272,Unknown,Florida,USA,38.1,28.422509,-82.206011
273,Unknown,Florida,USA,35.1,29.527244,-82.427072
274,Unknown,Florida,USA,2.1,25.5610046386719,-80.3526077270508
275,Unknown,Florida,USA,4.9,26.996994,-82.358645
276,Unknown,Florida,USA,3.7,27.127763,-82.379298
277,Unknown,Florida,USA,8.2,27.36217,-82.47456
278,Unknown,Florida,USA,4.9,27.228574,-82.461911
279,Unknown,Florida,USA,45.4,30.663063,-87.080857
280,Unknown,Florida,USA,36.9,29.5908,-82.4314
281,Unknown,Florida,USA,23.2,28.2511884,-81.4258921
282,Unknown,Florida,USA,11.9,28.023488,-80.688135
283,Unknown,Florida,USA,9.1,28.1312,-80.6436
284,Unknown,Florida,USA,75.0,30.776521,-86.144959
285,Unknown,Florida,USA,69.8,30.819663,-86.084752
286,Unknown,Florida,USA,9.1,30.29479,-86.05185
287,Unknown,Florida,USA,9.4,30.29448,-86.0513
288,Unknown,Florida,USA,32.8,30.83696,-85.18352
289,Unknown,Florida,USA,25.9,28.171446,-82.422326
290,Unknown,Florida,USA,67.4,30.651163,-86.11218
291,Unknown,Florida,USA,4.0,28.3014,-82.7146
292,Unknown,Florida,USA,14.9,26.9433,-80.562
293,Unknown,Florida,USA,2.4,25.6633578,-80.4096612
294,Unknown,Florida,USA,40.2,28.352214,-82.222508
295,Unknown,Florida,USA,8.8,30.423018,-86.8452
296,Unknown,Florida,USA,12.5,27.28159,-82.50887
297,Unknown,Florida,USA,37.2,30.334,-82.762
298,Unknown,Florida,USA,11.9,27.951176,-80.64202
299,Unknown,Florida,USA,7.0,27.077056,-82.210471
300,Unknown,Florida,USA,11.9,28.18825,-80.680461
301,Unknown,Florida,USA,44.5,30.6423687,-87.1721323
302,Unknown,Florida,USA,26.2,28.2482,-81.2399
303,Unknown,Florida,USA,53.9,30.9236,-87.2123
304,Unknown,Florida,USA,8.5,30.43451,-86.87126
305,Unknown,Florida,USA,1.8,26.6479,-82.0313
306,Unknown,Florida,USA,21.3,28.273786,-81.464702
307,Unknown,Florida,USA,69.2,30.76166667,-86.12277778
308,Unknown,Florida,USA,5.2,26.714038,-80.30703
309,Unknown,Florida,USA,4.3,26.8374,-80.6471
310,Unknown,Florida,USA,18.3,27.5477,-81.7994
311,Unknown,Florida,USA,27.4,28.7991,-81.5373
312,Unknown,Florida,USA,4.6,26.6510124206543,-80.2475204467773
313,Unknown,Florida,USA,4.9,28.350519,-82.683631
314,Unknown,Florida,USA,56.4,30.616356,-86.915886
315,Unknown,Florida,USA,44.2,30.64421,-87.05307
316,Unknown,Florida,USA,5.2,27.185465,-82.473957
317,Unknown,Florida,USA,11.9,30.42,-86.91194
318,Unknown,Florida,USA,8.5,27.118202,-82.158592
319,Unknown,Florida,USA,3.4,26.961,-82.3507
320,Unknown,Florida,USA,35.7,29.65139,-81.95972
321,Unknown,Florida,USA,2.7,29.6408507,-81.611939
322,Unknown,Florida,USA,20.7,28.8728,-81.7844
323,Unknown,Florida,USA,2.4,26.118211,-80.206628
324,Unknown,Florida,USA,11.0,30.34628,-86.204803
325,Unknown,Florida,USA,19.8,28.562445,-81.218461
326,Unknown,Florida,USA,0.9,25.913604,-80.316509
327,Unknown,Florida,USA,79.9,30.84455,-86.275704
328,Unknown,Florida,USA,2.7,25.665,-80.4395
329,Unknown,Florida,USA,64.6,30.5255,-83.91623
330,Unknown,Florida,USA,4.3,26.98383611,-81.098425
331,Unknown,Florida,USA,3.0,26.245883,-80.218017
332,Unknown,Florida,USA,7.0,28.3956,-80.7868
333,Unknown,Florida,USA,25.3,29.627779,-81.819115
334,Unknown,Florida,USA,37.5,29.662232,-81.870032
335,Unknown,Florida,USA,14.3,29.588724,-81.548748
336,Unknown,Florida,USA,4.6,29.466098,-81.520957
337,Unknown,Florida,USA,47.9,30.5576877593994,-83.8015670776367
338,Unknown,Florida,USA,11.0,27.99208,-80.64322
339,Unknown,Florida,USA,11.9,28.312227,-80.745553
340,Unknown,Florida,USA,0.0,28.0165,-80.5332
341,Unknown,Florida,USA,29.3,30.33,-84.78
342,Unknown,Florida,USA,29.9,29.783161,-81.848668
343,Unknown,Florida,USA,21.9,30.568513,-87.254739
344,Unknown,Florida,USA,2.1,28.3452,-80.7217
345,Unknown,Florida,USA,1.3,27.76847,-82.62568
346,Unknown,Florida,USA,11.0,25.683459,-80.381546
347,Unknown,Florida,USA,6.1,26.47,-80.6402
348,Unknown,Florida,USA,4.6,26.24636,-80.11105
349,Unknown,Florida,USA,40.2,30.3074,-82.99364
350,Unknown,Florida,USA,6.1,27.6527,-80.403
351,Unknown,Florida,USA,7.9,25.6682,-80.4087
352,Unknown,Florida,USA,31.4,28.5139054,-81.409581
353,Unknown,Florida,USA,1.9,25.99956,-80.24119
354,Unknown,Florida,USA,29.9,29.651678,-81.874637
355,Unknown,Florida,USA,3.0,29.5909,-81.6063
356,Unknown,Florida,USA,2.1,29.696167,-81.626432
357,Unknown,Florida,USA,28.0,29.5516586,-81.6578598
358,Unknown,Florida,USA,4.9,29.0361,-80.918
359,Unknown,Florida,USA,12.2,28.6282,-80.8572
360,Unknown,Florida,USA,1.2,28.479253,-80.709267
361,Unknown,Florida,USA,3.0,25.5819,-80.4361
362,Unknown,Florida,USA,13.7,30.09256,-83.57095
363,Unknown,Florida,USA,2.4,26.0645198822021,-80.3256072998047
364,Unknown,Florida,USA,3.0,29.95917,-81.33972
365,Unknown,Florida,USA,30.2,28.5722484588623,-81.3958358764648
366,Unknown,Florida,USA,51.2,28.592667,-81.5285
367,Unknown,Florida,USA,26.8,28.3645,-81.4146
368,Unknown,Florida,USA,3.7,25.82726,-80.28592
369,Unknown,Florida,USA,21.0,28.8916,-81.97455
370,Unknown,Florida,USA,0.3,26.916,-82.068
371,Unknown,Florida,USA,10.7,30.187077,-81.610667
372,Unknown,Florida,USA,2.4,24.65963,-81.27473
373,Unknown,Florida,USA,6.1,30.29528,-81.40079
374,Unknown,Florida,USA,35.1,28.500146,-81.378958
375,Unknown,Florida,USA,10.1,30.267271,-81.748589
376,Unknown,Florida,USA,37.8,28.523731,-81.608362
377,Unknown,Florida,USA,29.3,28.537066,-81.294962
378,Unknown,Florida,USA,7.0,27.914683,-80.652338
379,Unknown,Florida,USA,0.3,26.91748,-82.0689
380,Unknown,Florida,USA,25.9,28.54916,-81.652401
381,Unknown,Florida,USA,20.1,28.869917,-81.954389
382,Unknown,Florida,USA,4.0,30.312955,-87.467244
383,Unknown,Florida,USA,8.2,27.950097,-80.642062
384,Unknown,Florida,USA,27.1,28.529918,-81.19339
385,Unknown,Florida,USA,2.4,29.655938,-83.358308
386,Unknown,Florida,USA,38.4,28.529951,-81.487441
387,Unknown,Florida,USA,23.2,28.6849,-81.4972
388,Unknown,Florida,USA,7.3,28.05618,-80.62987
389,Unknown,Florida,USA,3.4,28.132907,-80.585547
390,Unknown,Florida,USA,5.5,28.1825,-80.6524
391,Unknown,Florida,USA,28.0,28.920742,-82.04577
392,Unknown,Florida,USA,23.8,30.43,-87.200278
393,Unknown,Florida,USA,4.0,26.930229,-82.285098
394,Unknown,Florida,USA,18.9,28.851667,-81.9889
395,Unknown,Florida,USA,27.4,30.43613,-87.20328
396,Unknown,Florida,USA,26.8,28.875365,-82.000412
397,Unknown,Florida,USA,9.1,27.028739,-82.07105
398,Unknown,Florida,USA,17.4,27.03233,-82.190153
399,Unknown,Florida,USA,23.8,28.919694,-81.999504
400,Unknown,Florida,USA,7.0,27.023098,-82.066335
401,Unknown,Florida,USA,,26.07204,-80.3679
402,Unknown,Florida,USA,34.7,30.5366,-87.207
403,Unknown,Florida,USA,36.0,30.507376,-87.383898
404,Unknown,Florida,USA,1.8,26.106931,-80.23944
405,Unknown,Florida,USA,42.4,27.99437,-82.01378
406,Unknown,Florida,USA,24.7,28.57726,-81.11964
407,Unknown,Florida,USA,23.8,28.700454,-81.473314
408,Unknown,Florida,USA,21.9,28.460088,-81.100052
409,Unknown,Florida,USA,2.7,26.87552,-82.202125
410,Unknown,Florida,USA,8.5,28.4247,-80.8018
411,Unknown,Florida,USA,0.9,26.987012,-82.24624
412,Unknown,Florida,USA,1.8,26.89659,-82.22205
413,Unknown,Florida,USA,25.6,30.42412,-87.22232
414,Unknown,Florida,USA,10.4,30.193772,-81.609583
415,Unknown,Florida,USA,27.7,28.372126,-81.357818
416,Unknown,Florida,USA,10.4,28.42102,-80.81711
417,Unknown,Florida,USA,30.8,28.5381,-81.19318
418,Unknown,Florida,USA,24.1,28.85856,-81.9669
419,Unknown,Florida,USA,2.4,26.963381,-82.168039
420,Unknown,Florida,USA,7.3,27.939933,-80.669107
421,Unknown,Florida,USA,39.0,29.798056,-81.978811
422,Unknown,Florida,USA,3.0,30.0785,-81.6956
423,Unknown,Florida,USA,7.0,27.725489,-82.632544
424,Unknown,Florida,USA,14.9,29.042859,-82.570069
425,Unknown,Florida,USA,25.9,29.47948,-82.61088
426,Unknown,Florida,USA,13.1,27.8658,-82.3507
427,Unknown,Florida,USA,6.1,29.7258,-85.0205
428,Unknown,Florida,USA,23.2,27.905798,-82.241059
429,Unknown,Florida,USA,11.9,27.1222,-80.3169
430,Unknown,Florida,USA,41.5,30.6871579,-85.3929456
431,Unknown,Florida,USA,43.0,30.78471,-85.23235
432,Unknown,Florida,USA,44.5,30.8593,-85.5199
433,Unknown,Florida,USA,27.7,29.63258,-82.70164
434,Unknown,Florida,USA,39.6,30.7806,-85.5503
435,Unknown,Florida,USA,3.7,27.763511,-82.73149
436,Unknown,Florida,USA,1.8,25.6719,-80.1566
437,Unknown,Florida,USA,4.3,27.2541,-80.260388
438,Unknown,Florida,USA,4.0,27.188296,-80.227921
439,Unknown,Florida,USA,7.0,26.993,-80.5739
440,Unknown,Florida,USA,24.4,30.30671,-83.15325
441,Unknown,Florida,USA,24.4,30.144849,-81.766778
442,Unknown,Florida,USA,17.1,27.705656,-82.400519
443,Unknown,Florida,USA,41.5,27.18181,-81.35098
444,Unknown,Florida,USA,34.1,27.88634,-81.83255
445,Unknown,Florida,USA,25.9,28.107081,-82.513162
446,Unknown,Florida,USA,5.8,27.758823,-82.71644
447,Unknown,Florida,USA,15.2,27.803252,-82.65457
448,Unknown,Florida,USA,20.1,28.034694,-82.764528
449,Unknown,Florida,USA,41.5,29.859338,-81.891603
450,Unknown,Florida,USA,18.9,29.15689,-82.561089
451,Unknown,Florida,USA,29.9,30.379973,-82.936585
452,Unknown,Florida,USA,16.2,28.1469,-82.2276
453,Unknown,Florida,USA,25.9,28.11046,-82.446
454,Unknown,Florida,USA,4.0,30.62435,-81.442733
455,Unknown,Florida,USA,6.4,30.597876,-81.528411
456,Unknown,Florida,USA,21.9,27.6038,-81.053
457,Unknown,Florida,USA,18.3,28.2763,-81.424
458,Unknown,Florida,USA,20.4,30.00567,-81.71777
459,Unknown,Florida,USA,3.7,30.622806,-81.452376
460,Unknown,Florida,USA,25.0,28.44753,-82.52357
461,Unknown,Florida,USA,7.9,28.558567,-82.578133
462,Unknown,Florida,USA,5.8,30.10802,-81.7321
463,Unknown,Florida,USA,43.6,29.85054,-81.89475
464,Unknown,Florida,USA,43.0,28.63956,-82.33846
465,Unknown,Florida,USA,4.9,28.495454,-82.6018
466,Unknown,Florida,USA,26.5,29.676548,-82.668717
467,Unknown,Florida,USA,38.1,27.93779,-81.59928
468,Unknown,Florida,USA,14.9,29.656267,-82.862753
469,Unknown,Florida,USA,7.6,29.00982,-81.2985
470,Unknown,Florida,USA,58.2,30.6781273,-84.3469985
471,Unknown,Florida,USA,3.4,30.08818,-81.75957
472,Unknown,Florida,USA,14.6,28.471471,-82.599183
473,Unknown,Florida,USA,11.6,28.61052,-82.5351
474,Unknown,Florida,USA,13.4,27.80473,-82.34099
475,Unknown,Florida,USA,28.0,28.977361,-82.024456
476,Unknown,Florida,USA,64.9,28.510558,-82.35894
477,Unknown,Florida,USA,4.6,26.901957,-80.124571
478,Unknown,Florida,USA,47.1,30.77715,-86.51938
479,Unknown,Florida,USA,9.1,30.206798,-85.855352
480,Unknown,Florida,USA,23.2,28.46108,-82.508475
481,Unknown,Florida,USA,60.0,29.457061,-82.299833
482,Unknown,Florida,USA,18.6,29.0609,-81.9759
483,Unknown,Florida,USA,1.8,25.1936,-80.3493
484,Unknown,Florida,USA,4.9,30.4,-81.41667
485,Unknown,Florida,USA,64.9,30.524685,-84.658601
486,Unknown,Florida,USA,7.2,30.49529,-81.69374
487,Unknown,Florida,USA,8.5,30.35,-87.31667
488,Unknown,Florida,USA,31.4,28.568903,-82.50834
489,Unknown,Florida,USA,73.2,30.529356,-84.662083
490,Unknown,Florida,USA,57.9,30.481636,-84.618846
491,Unknown,Florida,USA,64.6,30.56082,-84.45871
492,Unknown,Florida,USA,25.9,28.9744,-81.9986
493,Unknown,Florida,USA,4.9,26.4419841766357,-80.1105346679688
494,Unknown,Florida,USA,4.3,26.4277744293213,-80.0808944702148
495,Unknown,Florida,USA,25.3,30.05993,-83.1719
496,Unknown,Florida,USA,4.3,26.550808,-80.182528
497,Unknown,Florida,USA,25.9,28.122804,-82.45308
498,Unknown,Florida,USA,4.6,26.35442,-80.164432
499,Unknown,Florida,USA,27.1,28.03011,-82.40623
500,Unknown,Florida,USA,1.5,26.79701,-80.034979
501,Unknown,Florida,USA,1.8,28.15225,-82.7538
502,Unknown,Florida,USA,1.2,24.74257,-80.98193
503,Unknown,Florida,USA,26.5,27.3696,-81.51359
504,Unknown,Florida,USA,2.7,27.1105852,-80.2491816
505,Unknown,Florida,USA,5.8,27.119817,-80.214474
506,Unknown,Florida,USA,3.7,26.642261505127,-81.8488388061523
507,Unknown,Florida,USA,18.3,27.58467,-81.04556
508,Unknown,Florida,USA,2.4,26.61792,-80.05154
509,Unknown,Florida,USA,4.3,26.723492,-80.666527
510,Unknown,Florida,USA,6.1,26.74734,-80.3282
511,Unknown,Florida,USA,32.0,27.828269,-82.148655
512,Unknown,Florida,USA,45.7,28.5082,-81.5467
513,Unknown,Florida,USA,32.9,30.298514,-82.981809
514,Unknown,Florida,USA,5.8,27.170487,-80.85599
515,Unknown,Florida,USA,3.7,27.175463,-80.284975
516,Unknown,Florida,USA,30.8,28.250455,-82.196879
517,Unknown,Florida,USA,34.1,27.57264,-82.1393
518,Unknown,Florida,USA,26.2,28.22343,-82.32047
519,Unknown,Florida,USA,39.3,28.066173,-82.209836
520,Unknown,Florida,USA,32.9,27.9125,-82.2261
521,Unknown,Florida,USA,13.1,26.658553,-81.713763
522,Unknown,Florida,USA,5.8,30.1807529,-85.7869488
523,Unknown,Florida,USA,2.1,30.2404,-85.6674
524,Unknown,Florida,USA,8.2,30.15108,-85.65493
525,Unknown,Florida,USA,11.3,30.201578,-85.843619
526,Unknown,Florida,USA,7.0,30.135307,-85.595186
527,Unknown,Florida,USA,26.8,30.411904,-85.537576
528,Unknown,Florida,USA,3.0,30.254312,-85.623063
529,Unknown,Florida,USA,20.1,28.9459,-81.2732
530,Unknown,Florida,USA,4.3,29.0423264,-80.9397124
531,Unknown,Florida,USA,7.3,29.262526,-81.148325
532,Unknown,Florida,USA,14.6,29.24102,-81.44502
533,Unknown,Florida,USA,21.0,27.7305,-82.3384
534,Unknown,Florida,USA,5.2,27.076799,-80.148404
535,Unknown,Florida,USA,14.0,29.108844,-81.331085
536,Unknown,Florida,USA,55.5,28.349121,-82.27753
537,Unknown,Florida,USA,32.9,28.209267,-82.162467
538,Unknown,Florida,USA,3.7,28.8147,-81.2778
539,Unknown,Florida,USA,2.1,27.885885,-82.489524
540,Unknown,Florida,USA,7.9,26.66388,-81.08998
541,Unknown,Florida,USA,22.9,29.1638,-82.0777
542,Unknown,Florida,USA,21.0,28.234316,-82.500429
543,Unknown,Florida,USA,7.6,28.1809949,-82.7069343
544,Unknown,Florida,USA,6.7,27.566564,-80.402794
545,Unknown,Florida,USA,13.4,30.2535,-85.93693
546,Unknown,Florida,USA,4.9,30.1841333,-85.7765005
547,Unknown,Florida,USA,40.2,30.432762,-85.39918
548,Unknown,Florida,USA,5.8,30.241976,-85.645698
549,Unknown,Florida,USA,8.2,27.151419,-80.279563
550,Unknown,Florida,USA,4.6,27.120823,-80.195424
551,Unknown,Florida,USA,5.8,27.255964,-80.235149
552,Unknown,Florida,USA,5.2,27.0728,-80.2583
553,Unknown,Florida,USA,6.1,30.23333,-81.66667
554,Unknown,Florida,USA,57.9,27.828452,-81.743273
555,Unknown,Florida,USA,5.5,29.72681,-85.02481
556,Unknown,Florida,USA,48.2,27.70274,-81.58903
557,Unknown,Florida,USA,4.0,27.1897,-80.2397
558,Unknown,Florida,USA,34.1,28.06498,-82.04227
559,Unknown,Florida,USA,3.0,25.9491,-81.7138
560,Unknown,Florida,USA,2.1,26.139089,-80.295318
561,Unknown,Florida,USA,40.2,29.074177,-82.231522
562,Unknown,Florida,USA,4.9,27.313837,-80.356329
563,Unknown,Florida,USA,24.7,29.08427,-82.20572
564,Unknown,Florida,USA,2.1,25.3866,-80.5936
565,Unknown,Florida,USA,21.0,28.677335,-81.263077
566,Unknown,Florida,USA,1.8,27.96331,-82.54
567,Unknown,Florida,USA,4.9,26.1019,-80.2011
568,Unknown,Florida,USA,18.9,28.6663852,-81.2927706
569,Unknown,Florida,USA,5.7,27.6553,-80.41425
570,Unknown,Florida,USA,10.1,28.69845,-81.156945
571,Unknown,Florida,USA,3.0,26.27232,-80.10258
572,Unknown,Florida,USA,31.7,28.54653,-81.33544
573,Unknown,Florida,USA,1.2,26.1408,-80.1061
574,Unknown,Florida,USA,24.4,28.6136,-81.0933
575,Unknown,Florida,USA,60.7,30.71667,-87.01667
576,Unknown,Florida,USA,34.1,28.565,-81.824
577,Unknown,Florida,USA,1.4,25.78805,-80.31694
578,Unknown,Florida,USA,7.0,27.268118,-80.445381
579,Unknown,Florida,USA,6.7,28.09969,-80.6356
580,Unknown,Florida,USA,3.8,26.58495,-81.86146
581,Unknown,Florida,USA,0.3,24.55706,-81.75539
582,Unknown,Florida,USA,15.2,28.72293,-81.34552
583,Unknown,Florida,USA,7.9,29.17351,-81.07185
584,Unknown,Florida,USA,11.0,27.249422,-80.371835
585,Unknown,Florida,USA,25.6,29.20591,-82.08169
586,Unknown,Florida,USA,35.1,30.7341,-85.0305
587,Unknown,Florida,USA,14.9,28.77951,-81.24356
588,Unknown,Florida,USA,17.7,28.80286,-82.31266
589,Unknown,Florida,USA,1.8,24.58333,-81.68333
590,Unknown,Florida,USA,29.9,28.573674,-81.782141
591,Unknown,Florida,USA,1.0,26.07875,-80.16223
592,Unknown,Florida,USA,3.5,26.6851,-80.09918
593,Unknown,Florida,USA,22.3,29.05604,-82.02892
594,Unknown,Florida,USA,26.2,28.849946,-81.944595
595,Unknown,Florida,USA,23.2,28.836163,-81.913656
596,Unknown,Florida,USA,28.7,29.178154,-82.268324
597,Unknown,Florida,USA,26.5,29.16667,-82.23333
598,Unknown,Florida,USA,3.7,27.0997,-80.2627
599,Unknown,Florida,USA,3.0,26.955133,-80.136012
600,Unknown,Florida,USA,24.7,28.901711,-81.757617
601,Unknown,Florida,USA,10.7,26.60331,-80.17677
602,Unknown,Florida,USA,6.7,26.6645,-80.2253
603,Unknown,Florida,USA,37.2,28.8679,-81.9152
604,Unknown,Florida,USA,43.0,28.542227,-81.683054
605,Unknown,Florida,USA,1.5,25.974669,-80.36703
606,Unknown,Florida,USA,1.5,27.370372,-80.342765
607,Unknown,Florida,USA,5.8,27.3397636413574,-80.376335144043
608,Unknown,Florida,USA,20.1,29.202781,-82.336693
609,Unknown,Florida,USA,27.1,28.92,-81.9116
610,Unknown,Florida,USA,32.9,28.97228,-82.03532
611,Unknown,Florida,USA,2.4,28.199197,-80.609386
612,Unknown,Florida,USA,41.1,28.64617,-81.38053
613,Unknown,Florida,USA,5.5,28.116404,-80.580601
614,Unknown,Florida,USA,22.6,30.5316,-86.4928
615,Unknown,Florida,USA,43.5,28.06137,-81.75684
616,Unknown,Florida,USA,26.8,28.221142,-81.544237
617,Unknown,Florida,USA,0.1,27.91255,-82.68555
618,Unknown,Florida,USA,0.0,26.057653,-80.275665
619,Unknown,Florida,USA,47.5,28.1019,-81.7813
620,Unknown,Florida,USA,5.3,27.40146,-82.55863
621,Unknown,Florida,USA,1.2,26.819624,-80.068572
622,Unknown,Florida,USA,31.4,28.68309,-81.3997
623,Unknown,Florida,USA,3.7,26.816407,-80.060941
624,Unknown,Florida,USA,2.4,26.15695,-80.2965
625,Unknown,Florida,USA,41.8,27.97503,-81.78646
626,Unknown,Florida,USA,7.3,26.3946,-80.21299
627,Unknown,Florida,USA,1.2,26.32812,-80.09205
628,Unknown,Florida,USA,5.2,27.43646,-82.49022
629,Unknown,Florida,USA,1.2,26.188457,-80.109403
630,Unknown,Florida,USA,23.8,29.111687,-82.284807
631,Unknown,Florida,USA,21.6,29.254215,-82.126714
632,Unknown,Florida,USA,10.4,28.7971153259277,-81.305061340332
633,Unknown,Florida,USA,17.1,30.39354,-84.35136
634,Unknown,Florida,USA,2.7,26.0281,-80.1341
635,Unknown,Florida,USA,14.3,30.411,-81.8252
636,Unknown,Florida,USA,3.5,26.19905,-80.17764
637,Unknown,Florida,USA,1.3,25.91017,-80.28283
638,Unknown,Florida,USA,4.9,26.16675,-80.31064
639,Unknown,Florida,USA,9.4,30.227373,-81.55649
640,Unknown,Florida,USA,45.1,28.0,-82.05
641,Unknown,Florida,USA,2.1,26.01984,-80.34075
642,Unknown,Florida,USA,7.0,26.25633,-80.214714
643,Unknown,Florida,USA,2.1,26.30951,-80.0938
644,Unknown,Florida,USA,1.8,26.02783,-80.3236
645,Unknown,Florida,USA,25.3,29.018333,-82.080833
646,Unknown,Florida,USA,23.8,28.682062,-81.264204
647,Unknown,Florida,USA,26.8,30.46685,-84.198531
648,Unknown,Florida,USA,42.4,30.50333,-84.11194
649,Unknown,Florida,USA,50.9,30.423307,-84.268169
650,Unknown,Florida,USA,5.8,28.329101,-80.740489
651,Unknown,Florida,USA,53.3,30.478754,-84.206402
652,Unknown,Florida,USA,11.6,28.079949,-80.633433
653,Unknown,Florida,USA,2.0,26.15498,-81.77514
654,Unknown,Florida,USA,1.5,25.976034,-80.3696
655,Unknown,Florida,USA,5.7,27.49816,-80.37626
656,Unknown,Florida,USA,34.7,30.5504,-84.2149
657,Unknown,Florida,USA,0.9,24.72624,-81.0477
658,Unknown,Florida,USA,23.2,28.67242,-81.27365
659,Unknown,Florida,USA,8.2,26.53805,-81.75674
660,Unknown,Florida,USA,17.1,28.7903634,-81.3173134
661,Unknown,Florida,USA,1.5,26.181787,-80.299917
662,Unknown,Florida,USA,1.8,25.64226,-80.43467
663,Unknown,Florida,USA,5.5,26.25213,-80.1224
664,Unknown,Florida,USA,10.7,27.992562,-80.70071
665,Unknown,Florida,USA,7.9,27.039043,-82.054567
666,Unknown,Florida,USA,20.1,28.7281043,-81.383329
667,Unknown,Florida,USA,21.0,28.658182,-81.262409
668,Unknown,Florida,USA,10.7,30.483907,-81.701631
669,Unknown,Florida,USA,7.6,30.2991,-81.7126
670,Unknown,Florida,USA,17.4,28.67596,-81.23704
671,Unknown,Florida,USA,26.2,28.654789,-81.286486
672,Unknown,Florida,USA,11.9,28.688583,-81.182764
673,Unknown,Florida,USA,19.5,28.63756,-81.12926
674,Unknown,Florida,USA,32.0,29.6869809,-82.6006208
675,Unknown,Florida,USA,3.0,26.2632,-80.25925
676,Unknown,Florida,USA,8.8,28.145235,-80.715782
677,Unknown,Florida,USA,5.5,28.02342,-80.617358
678,Unknown,Florida,USA,6.4,30.17982,-84.36779
679,Unknown,Florida,USA,32.6,30.7219,-84.8741
680,Unknown,Florida,USA,2.4,28.3408489,-80.720164
681,Unknown,Florida,USA,2.4,28.348487,-80.693174
682,Unknown,Florida,USA,3.7,27.86744,-82.68151
683,Unknown,Florida,USA,13.1,26.826,-81.4915
684,Unknown,Florida,USA,21.0,30.235,-81.78694444
685,Unknown,Florida,USA,9.1,28.611969,-80.830451
686,Unknown,Florida,USA,,29.944067,-81.5061
687,Unknown,Florida,USA,2.1,28.352121,-80.693381
688,Unknown,Florida,USA,6.4,27.77748,-82.71843
689,Unknown,Florida,USA,3.0,29.84995,-81.29036667
690,Unknown,Florida,USA,2.7,25.5011,-80.55
691,Unknown,Florida,USA,6.4,28.086955,-80.696359
692,Unknown,Florida,USA,6.4,26.4985,-80.216
693,Unknown,Florida,USA,7.9,28.005977,-80.668833
694,Unknown,Florida,USA,26.5,30.30437,-81.82263
695,Unknown,Florida,USA,4.6,26.3283,-80.9958
696,Unknown,Florida,USA,11.0,28.384167,-80.766254
697,Unknown,Florida,USA,17.4,29.851774,-81.34475
698,Unknown,Florida,USA,8.8,27.72294,-82.64922
699,Unknown,Florida,USA,22.6,28.00292,-82.76236
700,Unknown,Florida,USA,8.5,29.9269,-81.3517
701,Unknown,Florida,USA,3.0,27.7389,-82.7053
702,Unknown,Florida,USA,8.5,30.121469,-81.432296
703,Unknown,Florida,USA,4.0,30.12861944,-81.61969444
704,Unknown,Florida,USA,5.8,27.24012,-82.31525
705,Unknown,Florida,USA,5.8,26.007675,-80.13913
706,Unknown,Florida,USA,2.4,25.75159,-80.23067
707,Unknown,Florida,USA,0.3,26.162577,-80.14073
708,Unknown,Florida,USA,14.9,30.6669,-81.4525
709,Unknown,Florida,USA,10.4,29.91976,-81.39013
710,Unknown,Florida,USA,2.4,30.16128,-81.36685
711,Unknown,Florida,USA,2.7,30.3848,-81.521
712,Unknown,Florida,USA,2.1,25.9512,-80.1575
713,Unknown,Florida,USA,,25.5878,-80.34517
714,Unknown,Florida,USA,13.4,30.1123,-85.19588
715,Unknown,Florida,USA,3.7,25.738197,-80.237046
716,Unknown,Florida,USA,0.3,24.74355,-80.9788
717,Unknown,Florida,USA,1.8,25.1691665649414,-80.3716354370117
718,Unknown,Florida,USA,6.4,28.165102,-80.650582
719,Unknown,Florida,USA,8.2,28.00975,-80.64725
720,Unknown,Florida,USA,7.0,30.276483,-81.730413
721,Unknown,Florida,USA,39.9,28.62493,-81.70331
722,Unknown,Florida,USA,26.5,28.7732,-81.9527
723,Unknown,Florida,USA,7.6,26.26395,-81.56185
724,Unknown,Florida,USA,5.8,26.274447,-81.53183
725,Unknown,Florida,USA,23.5,28.814254,-81.773639
726,Unknown,Florida,USA,46.3,28.60883,-81.785597
727,Unknown,Florida,USA,8.8,26.22706,-81.62801
728,Unknown,Florida,USA,10.1,27.26259,-80.37666
729,Unknown,Florida,USA,12.2,26.1653,-81.6843
730,Unknown,Florida,USA,34.4,28.4575,-81.7474
731,Unknown,Florida,USA,4.0,27.06986,-82.371842
732,Unknown,Florida,USA,14.3,28.9847,-81.5019
733,Unknown,Florida,USA,5.2,27.0321,-82.40508
734,Unknown,Florida,USA,34.4,28.388999,-81.659383
735,Unknown,Florida,USA,20.1,28.799571,-81.7331
736,Unknown,Florida,USA,3.4,27.294115,-80.214477
737,Unknown,Florida,USA,43.6,28.91174,-81.866116
738,Unknown,Florida,USA,56.4,28.493015,-81.767719
739,Unknown,Florida,USA,4.6,27.359167,-80.299444
740,Unknown,Florida,USA,29.3,28.72839,-81.887768
741,Unknown,Florida,USA,5.5,27.3475361,-80.3638205
742,Unknown,Florida,USA,4.9,30.260754,-81.744432
743,Unknown,Florida,USA,5.2,26.079146,-81.685906
744,Unknown,Florida,USA,11.0,27.789892,-82.643677
745,Unknown,Florida,USA,8.8,26.651287,-81.124609
746,Unknown,Florida,USA,4.9,30.315674,-81.598511
747,Unknown,Florida,USA,6.4,26.134157,-81.726818
748,Unknown,Florida,USA,5.8,26.76724,-81.415913
749,Unknown,Florida,USA,8.5,28.07288,-82.76536
750,Unknown,Florida,USA,0.6,26.108462,-81.772668
751,Unknown,Florida,USA,15.5,27.767438,-82.665359
752,Unknown,Florida,USA,9.1,27.8618,-82.83478
753,Unknown,Florida,USA,3.0,27.28768,-80.22144
754,Unknown,Florida,USA,10.1,29.40807,-82.8188
755,Unknown,Florida,USA,39.6,28.4558,-81.7234
756,Unknown,Florida,USA,19.7,28.47388,-82.45374
757,Unknown,Florida,USA,40.2,30.216118,-82.160629
758,Unknown,Florida,USA,27.1,28.41822,-81.32413
759,Unknown,Florida,USA,36.3,30.298508,-82.16236
760,Unknown,Florida,USA,4.3,26.16472,-81.732433
761,Unknown,Florida,USA,6.1,26.91847,-81.99391
762,Unknown,Florida,USA,15.5,27.80193,-82.69669
763,Unknown,Florida,USA,15.8,29.81285,-81.331895
764,Unknown,Florida,USA,7.3,26.306552,-81.450106
765,Unknown,Florida,USA,39.0,30.237,-82.2189
766,Unknown,Florida,USA,40.2,30.321161,-82.275681
767,Unknown,Florida,USA,20.8,28.82143,-81.80963
