StationID,StationName,InstallationDate,LocationID
US1FLHB0187,"RUSKIN 6.2 ENE, FL US",2020-01-01,1
US1FLPN0134,"CLEARWATER 1.0 SW, FL US",2020-01-01,2
US1FLMN0077,"SUMMERLAND KEY 0.8 SE, FL US",2020-01-01,3
US1FLMN0076,"KEY WEST 2.2 ENE, FL US",2020-01-01,4
US1FLHB0181,"RUSKIN 3.9 ENE, FL US",2020-01-01,5
US1FLHB0183,"SUN CITY CENTER 0.5 ENE, FL US",2020-01-01,6
US1FLHB0182,"PLANT CITY 1.2 SW, FL US",2020-01-01,7
US1FLMN0079,"SUMMERLAND KEY 0.7 S, FL US",2020-01-01,8
US1FLCR0013,"NAPLES PARK 3.7 ENE, FL US",2020-01-01,9
US1FLMN0070,"KEY WEST 0.6 ESE, FL US",2020-01-01,10
US1FLCR0012,"NAPLES 5.7 SE, FL US",2020-01-01,11
US1FLPN0130,"ST. PETERSBURG 6.4 W, FL US",2020-01-01,12
US1FLMN0073,"KEY WEST 2.8 ENE, FL US",2020-01-01,13
US1FLPN0131,"SEMINOLE 0.9 S, FL US",2020-01-01,14
USC00088051,"SCOTTSMOOR 2.5 SSW, FL US",2020-01-01,15
US1FLPN0122,"ST. PETERSBURG 3.5 NNW, FL US",2020-01-01,16
US1FLPN0126,"DUNEDIN 2.4 ESE, FL US",2020-01-01,17
US1FLHB0191,"SEFFNER 2.1 S, FL US",2020-01-01,18
US1FLPN0129,"ST. PETERSBURG 5.5 N, FL US",2020-01-01,19
US1FLBV0095,"MERRITT ISLAND 10.6 NNW, FL US",2020-01-01,20
USC00089176,"VENICE, FL US",2020-01-01,21
US1FLHB0162,"BRANDON 2.8 N, FL US",2020-01-01,22
US1FLHB0166,"RIVERVIEW 2.1 WNW, FL US",2020-01-01,23
USC00080598,"BELL 4 NW, FL US",2020-01-01,24
USC00083874,"HASTINGS 4 NE, FL US",2020-01-01,25
US1FLHB0168,"CARROLLWOOD VILLAGE 2.3 W, FL US",2020-01-01,26
US1FLHB0177,"PLANT CITY 3.9 SE, FL US",2020-01-01,27
US1FLVL0083,"DE LAND 3.9 SSE, FL US",2020-01-01,28
US1FLVL0084,"LAKE HELEN 0.4 SW, FL US",2020-01-01,29
US1FLFL0053,"PALM COAST 4.6 NW, FL US",2020-01-01,30
US1FLVL0081,"ORMOND BY THE SEA 0.8 SSE, FL US",2020-01-01,31
US1FLVL0082,"ORMOND BEACH 4.1 ESE, FL US",2020-01-01,32
US1FLVL0087,"PORT ORANGE 0.8 NNW, FL US",2020-01-01,33
US1FLFL0050,"PALM COAST 2.4 SW, FL US",2020-01-01,34
US1FLVL0086,"DE LEON SPRINGS 1.4 ESE, FL US",2020-01-01,35
USW00053853,"DESTIN FORT WALTON BEACH AIRPORT, FL US",2020-01-01,36
USC00084500,"KENANSVILLE, FL US",2020-01-01,37
US1FLMN0034,"BIG PINE KEY 0.9 WNW, FL US",2020-01-01,38
USW00053860,"JACKSONVILLE CRAIG MUNICIPAL AIRPORT, FL US",2020-01-01,39
US1FLMN0037,"KEY LARGO 17.9 NE, FL US",2020-01-01,40
US1FLFL0049,"PALM COAST 1.9 S, FL US",2020-01-01,41
US1FLVL0089,"NEW SMYRNA BEACH 8.5 W, FL US",2020-01-01,42
US1FLFL0047,"PALM COAST 4.5 SSW, FL US",2020-01-01,43
US1FLFL0043,"PALM COAST 8.3 S, FL US",2020-01-01,44
US1FLVL0099,"ORMOND BEACH 2.0 ENE, FL US",2020-01-01,45
US1FLFL0040,"PALM COAST 0.8 NNW, FL US",2020-01-01,46
US1FLMN0039,"ISLAMORADA 7.8 SW, FL US",2020-01-01,47
US1FLVL0090,"LAKE HELEN 0.9 S, FL US",2020-01-01,48
US1FLVL0091,"DELAND 4.2 NW, FL US",2020-01-01,49
USC00084731,"LAKE CITY 2 E, FL US",2020-01-01,50
US1FLMN0044,"BIG PINE KEY 2.8 NNW, FL US",2020-01-01,51
US1FLMN0049,"MARATHON 1.7 ENE, FL US",2020-01-01,52
US1FLFL0038,"PALM COAST 4.1 S, FL US",2020-01-01,53
US1FLFL0039,"FLAGLER BEACH 2.3 SSE, FL US",2020-01-01,54
US1FLFL0030,"PALM COAST 4.2 SSW, FL US",2020-01-01,55
US1FLVL0062,"PORT ORANGE 0.2 NNW, FL US",2020-01-01,56
US1FLFL0032,"PALM COAST 1.9 NNE, FL US",2020-01-01,57
US1FLCT0046,"INVERNESS 4.5 WNW, FL US",2020-01-01,58
US1FLVL0060,"PORT ORANGE 2.5 NNE, FL US",2020-01-01,59
US1FLFL0033,"FLAGLER BEACH 1.3 SE, FL US",2020-01-01,60
US1FLCT0045,"INVERNESS 1.6 SE, FL US",2020-01-01,61
US1FLVL0063,"ORMOND BY THE SEA 0.1 SSE, FL US",2020-01-01,62
US1FLCT0041,"HOMOSASSA 5.3 NNE, FL US",2020-01-01,63
USC00085612,"MELBOURNE WEATHER FORECAST OFFICE, FL US",2020-01-01,64
US1FLMN0053,"LOWER SUGARLOAF KEY 0.5 SW, FL US",2020-01-01,65
US1FLPN0116,"TARPON SPRINGS 3.1 E, FL US",2020-01-01,66
US1FLPN0115,"PALM HARBOR 0.8 WNW, FL US",2020-01-01,67
US1FLMN0059,"KEY WEST 1.2 WSW, FL US",2020-01-01,68
US1FLMN0058,"ISLAMORADA 5.2 SW, FL US",2020-01-01,69
US1FLMN0057,"CUDJOE KEY 0.7 SE, FL US",2020-01-01,70
US1FLOK0052,"BAKER 1.8 SSE, FL US",2020-01-01,71
US1FLOK0056,"CRESTVIEW 3.0 SSE, FL US",2020-01-01,72
US1FLMN0052,"KEY WEST 0.4 E, FL US",2020-01-01,73
US1FLFL0024,"PALM COAST 2.1 NNE, FL US",2020-01-01,74
US1FLMN0050,"KEY LARGO 3.4 NE, FL US",2020-01-01,75
US1FLVL0070,"DE LAND 0.6 SSE, FL US",2020-01-01,76
US1FLVL0071,"DE LEON SPRINGS 3.2 ENE, FL US",2020-01-01,77
US1FLVL0077,"NEW SMYRNA BEACH 3.9 W, FL US",2020-01-01,78
USW00053847,"WHITING FIELD NAS SOUTH, FL US",2020-01-01,79
US1FLPN0105,"FEATHER SOUND 1.3 S, FL US",2020-01-01,80
US1FLPN0104,"LARGO 1.5 SSW, FL US",2020-01-01,81
US1FLFL0019,"BUNNELL 1.0 ENE, FL US",2020-01-01,82
US1FLMN0060,"BIG PINE KEY 0.7 NW, FL US",2020-01-01,83
US1FLVL0040,"EDGEWATER 0.1 SW, FL US",2020-01-01,84
US1FLLN0060,"TALLAHASSEE 6.2 E, FL US",2020-01-01,85
US1FLVL0044,"PORT ORANGE 2.9 WSW, FL US",2020-01-01,86
US1FLVL0042,"DAYTONA BEACH SHORES 1.8 SSE, FL US",2020-01-01,87
US1FLSS0096,"VENICE 2.3 SE, FL US",2020-01-01,88
US1FLMA0050,"PALMETTO 7.8 NE, FL US",2020-01-01,89
US1FLCT0029,"HOMOSASSA 6.0 SE, FL US",2020-01-01,90
US1FLSS0091,"SARASOTA 2.6 SE, FL US",2020-01-01,91
US1FLOK0033,"DESTIN 1.3 NW, FL US",2020-01-01,92
US1FLHB0116,"LUTZ 0.6 WSW, FL US",2020-01-01,93
US1FLCT0038,"HERNANDO 3.9 WSW, FL US",2020-01-01,94
US1FLLN0072,"TALLAHASSEE 5.0 SE, FL US",2020-01-01,95
US1FLVL0051,"DE BARY 1.7 NE, FL US",2020-01-01,96
US1FLCT0035,"INVERNESS 4.7 WNW, FL US",2020-01-01,97
US1FLCT0030,"HERNANDO 4.4 WSW, FL US",2020-01-01,98
US1FLLN0078,"TALLAHASSEE 5.6 SE, FL US",2020-01-01,99
US1FLLN0079,"TALLAHASSEE 0.6 ENE, FL US",2020-01-01,100
US1FLHB0114,"RIVERVIEW 0.9 ENE, FL US",2020-01-01,101
US1FLLN0074,"TALLAHASSEE 5.6 ESE, FL US",2020-01-01,102
US1FLOK0049,"WRIGHT 0.7 NNW, FL US",2020-01-01,103
USC00083207,"FORT PIERCE, FL US",2020-01-01,104
US1FLOK0041,"SHALIMAR 1.2 NNW, FL US",2020-01-01,105
US1FLOK0042,"VALPARAISO 1.4 N, FL US",2020-01-01,106
US1FLOK0043,"FORT WALTON BEACH 1.7 ESE, FL US",2020-01-01,107
USW00073805,"NORTHWEST FLORIDA BEACHES INTERNATIONAL AIRPORT, FL US",2020-01-01,108
US1FLMA0038,"BRADENTON 1.4 SW, FL US",2020-01-01,109
US1FLMA0037,"THE MEADOWS 4.4 NE, FL US",2020-01-01,110
US1FLSM0008,"CHULUOTA 0.9 N, FL US",2020-01-01,111
USC00083470,"GLEN ST MARY 1 W, FL US",2020-01-01,112
US1FLCB0012,"LAKE CITY 7.9 SSW, FL US",2020-01-01,113
US1FLLN0047,"TALLAHASSEE 5.2 E, FL US",2020-01-01,114
US1FLSM0004,"SANFORD 0.3 ESE, FL US",2020-01-01,115
USC00085895,"MOORE HAVEN LOCK 1, FL US",2020-01-01,116
US1FLPK0094,"MULBERRY 0.4 SW, FL US",2020-01-01,117
US1FLPK0090,"LAKELAND 2.8 SSW, FL US",2020-01-01,118
US1FLCT0008,"CRYSTAL RIVER 4.7 ESE, FL US",2020-01-01,119
US1FLMA0032,"THE MEADOWS 6.2 NE, FL US",2020-01-01,120
US1FLLN0051,"TALLAHASSEE 5.1 NE, FL US",2020-01-01,121
US1FLCT0011,"HERNANDO 1.6 N, FL US",2020-01-01,122
US1FLCB0025,"LAKE CITY 2.8 ESE, FL US",2020-01-01,123
USC00085880,"MONTICELLO 10 SW, FL US",2020-01-01,124
US1FLPK0087,"LAKELAND 5.8 NE, FL US",2020-01-01,125
US1FLCB0026,"FORT WHITE 2.4 E, FL US",2020-01-01,126
US1FLLN0055,"TALLAHASSEE 5.5 ENE, FL US",2020-01-01,127
US1FLCB0029,"WHITE SPRINGS 2.3 WSW, FL US",2020-01-01,128
US1FLPK0084,"BARTOW 1.9 NW, FL US",2020-01-01,129
US1FLCB0028,"FORT WHITE 4.4 NE, FL US",2020-01-01,130
US1FLCB0019,"LAKE CITY 8.7 S, FL US",2020-01-01,131
USC00087826,"ST AUGUSTINE WTP, FL US",2020-01-01,132
US1FLPK0081,"AUBURNDALE 3.1 WSW, FL US",2020-01-01,133
US1FLOK0029,"MARY ESTHER 0.6 E, FL US",2020-01-01,134
US1FLMA0042,"CORTEZ 1.5 NNW, FL US",2020-01-01,135
US1FLOK0020,"NICEVILLE 3.4 ESE, FL US",2020-01-01,136
US1FLMA0041,"SARASOTA 5.9 NE, FL US",2020-01-01,137
US1FLMA0040,"PARRISH 5.6 SE, FL US",2020-01-01,138
US1FLMA0043,"DESOTO LAKES 4.2 NNE, FL US",2020-01-01,139
US1FLMA0017,"BRADENTON 4.9 WNW, FL US",2020-01-01,140
US1FLMA0018,"BRADENTON 11.0 E, FL US",2020-01-01,141
US1FLHB0141,"CARROLLWOOD 1.3 N, FL US",2020-01-01,142
US1FLLN0025,"TALLAHASSEE 3.5 N, FL US",2020-01-01,143
US1FLHB0140,"GREATER NORTHDALE 1.2 S, FL US",2020-01-01,144
USC00087851,"SAINT LEO, FL US",2020-01-01,145
US1FLHB0142,"ZEPHYRHILLS 8.8 SW, FL US",2020-01-01,146
USC00086761,"PALM BAY, FL US",2020-01-01,147
USC00086767,"PALM COAST 6 NE, FL US",2020-01-01,148
USC00086764,"PALM BEACH GARDENS, FL US",2020-01-01,149
USC00088942,"TITUSVILLE, FL US",2020-01-01,150
US1FLAL0099,"ARCHER 3.8 N, FL US",2020-01-01,151
US1FLVL0009,"DE LAND 5.7 NW, FL US",2020-01-01,152
US1FLLN0018,"MIDWAY 6.9 SW, FL US",2020-01-01,153
US1FLAL0095,"GAINESVILLE 0.5 N, FL US",2020-01-01,154
US1FLAL0096,"GAINESVILLE 7.8 WSW, FL US",2020-01-01,155
US1FLAL0097,"GAINESVILLE 3.0 WNW, FL US",2020-01-01,156
US1FLVL0003,"DE LAND 4.5 NW, FL US",2020-01-01,157
US1FLVL0001,"NEW SMYRNA BEACH 1.5 E, FL US",2020-01-01,158
US1FLVL0005,"ORMOND BEACH 3.5 SE, FL US",2020-01-01,159
US1FLMA0010,"BRADENTON 10.8 SE, FL US",2020-01-01,160
US1FLMA0029,"LAKEWOOD RANCH 3.5 E, FL US",2020-01-01,161
USC00082150,"DAYTONA BEACH, FL US",2020-01-01,162
USC00084571,"KEY WEST WEATHER FORECAST OFFICE, FL US",2020-01-01,163
US1FLHB0154,"SEFFNER 0.4 ESE, FL US",2020-01-01,164
US1FLLN0034,"TALLAHASSEE 9.6 N, FL US",2020-01-01,165
US1FLHB0156,"CARROLLWOOD 0.7 NNE, FL US",2020-01-01,166
USC00085667,"MIAMI NWSFO, FL US",2020-01-01,167
US1FLOK0003,"NICEVILLE 2.3 SE, FL US",2020-01-01,168
USC00086999,"PENSACOLA 7 NNE, FL US",2020-01-01,169
US1FLMA0020,"BRADENTON 3.5 WNW, FL US",2020-01-01,170
US1FLOK0001,"NICEVILLE 3.6 SE, FL US",2020-01-01,171
US1FLOK0002,"EGLIN AFB 5.6 NE, FL US",2020-01-01,172
US1FLHB0128,"RUSKIN 2.1 SE, FL US",2020-01-01,173
US1FLHB0123,"THONOTOSASSA 3.6 NE, FL US",2020-01-01,174
USC00084366,"JACKSONVILLE BEACH, FL US",2020-01-01,175
US1FLAL0078,"GAINESVILLE 5.1 S, FL US",2020-01-01,176
US1FLAL0075,"GAINESVILLE 0.9 WSW, FL US",2020-01-01,177
US1FLMA0006,"ELLENTON 6.6 E, FL US",2020-01-01,178
US1FLHL0038,"SEBRING 2.7 SE, FL US",2020-01-01,179
USC00083020,"FLAMINGO RANGER STATION, FL US",2020-01-01,180
US1FLAL0071,"HAWTHORNE 5.0 WNW, FL US",2020-01-01,181
US1FLAL0072,"GAINESVILLE 0.6 NE, FL US",2020-01-01,182
US1FLLN0010,"TALLAHASSEE 1.3 SW, FL US",2020-01-01,183
US1FLLN0011,"TALLAHASSEE 8.0 N, FL US",2020-01-01,184
US1FLHB0136,"BRANDON 2.8 SW, FL US",2020-01-01,185
US1FLAL0062,"MELROSE 1.7 W, FL US",2020-01-01,186
US1FLAL0063,"GAINESVILLE 3.0 WNW, FL US",2020-01-01,187
US1FLHL0043,"SEBRING 7.9 ESE, FL US",2020-01-01,188
US1FLLE0068,"LEHIGH ACRES 3.8 SSW, FL US",2020-01-01,189
US1FLLE0065,"CYPRESS LAKE 0.5 SSW, FL US",2020-01-01,190
US1FLIR0059,"FELLSMERE 1.4 N, FL US",2020-01-01,191
US1FLES0070,"PENSACOLA 14.2 SW, FL US",2020-01-01,192
US1FLAL0061,"GAINESVILLE 5.8 WSW, FL US",2020-01-01,193
US1FLES0071,"PENSACOLA 0.2 SW, FL US",2020-01-01,194
US1FLIR0054,"VERO BEACH 11.9 NW, FL US",2020-01-01,195
US1FLAL0055,"GAINESVILLE 7.7 W, FL US",2020-01-01,196
US1FLIR0063,"FELLSMERE 4.3 ESE, FL US",2020-01-01,197
US1FLSS0014,"NORTH PORT 1.6 ENE, FL US",2020-01-01,198
US1FLIR0061,"VERO BEACH 3.6 WNW, FL US",2020-01-01,199
US1FLAL0058,"GAINESVILLE 5.0 SSW, FL US",2020-01-01,200
US1FLSS0015,"NORTH PORT 4.7 NNE, FL US",2020-01-01,201
US1FLIR0060,"SEBASTIAN 1.2 NNW, FL US",2020-01-01,202
US1FLAL0051,"MICANOPY 2.1 NNE, FL US",2020-01-01,203
US1FLAL0054,"MICANOPY 2.1 WNW, FL US",2020-01-01,204
US1FLPS0073,"WESLEY CHAPEL 1.7 ESE, FL US",2020-01-01,205
US1FLLE0062,"CAPE CORAL 5.0 SE, FL US",2020-01-01,206
US1FLHL0032,"SEBRING 3.7 NW, FL US",2020-01-01,207
US1FLES0067,"CANTONMENT 5.3 NNW, FL US",2020-01-01,208
US1FLGF0007,"WEWAHITCHKA 1.0 ESE, FL US",2020-01-01,209
US1FLLE0079,"CYPRESS LAKE 1.2 SE, FL US",2020-01-01,210
US1FLLE0078,"CAPE CORAL 3.1 ESE, FL US",2020-01-01,211
US1FLCH0047,"HARBOUR HEIGHTS 3.0 NNW, FL US",2020-01-01,212
US1FLCH0046,"PORT CHARLOTTE 9.8 WSW, FL US",2020-01-01,213
US1FLLE0076,"FORT MYERS 10.0 NE, FL US",2020-01-01,214
US1FLLE0075,"ESTERO 0.5 WNW, FL US",2020-01-01,215
US1FLES0062,"PENSACOLA 12.3 SW, FL US",2020-01-01,216
US1FLIR0048,"VERO BEACH 5.4 NNW, FL US",2020-01-01,217
US1FLIR0047,"VERO BEACH 6.0 S, FL US",2020-01-01,218
US1FLAL0050,"GAINESVILLE 2.4 SW, FL US",2020-01-01,219
USC00086315,"NORTH MIAMI BEACH NUMBER 2, FL US",2020-01-01,220
USC00087887,"ST PETERSBURG 2, FL US",2020-01-01,221
USC00086319,"NORTH PORT, FL US",2020-01-01,222
US1FLBW0007,"POMPANO BEACH HIGHLANDS 0.7 E, FL US",2020-01-01,223
US1FLIR0051,"FELLSMERE 3.8 N, FL US",2020-01-01,224
US1FLPS0068,"NEW PORT RICHEY 2.3 SW, FL US",2020-01-01,225
US1FLIR0050,"VERO BEACH SOUTH 2.4 WNW, FL US",2020-01-01,226
US1FLPS0065,"TRINITY 3.0 ENE, FL US",2020-01-01,227
US1FLMD0094,"MIAMI 2.2 S, FL US",2020-01-01,228
US1FLCH0054,"HARBOUR HEIGHTS 2.3 NNE, FL US",2020-01-01,229
US1FLLE0072,"FORT MYERS 1.7 WNW, FL US",2020-01-01,230
US1FLAL0048,"GAINESVILLE 5.4 W, FL US",2020-01-01,231
US1FLCH0051,"PORT CHARLOTTE 0.7 WNW, FL US",2020-01-01,232
US1FLHL0003,"LAKE PLACID 1.1 WSW, FL US",2020-01-01,233
US1FLIR0041,"VERO BEACH 2.1 NE, FL US",2020-01-01,234
US1FLSS0034,"NORTH PORT 2.6 E, FL US",2020-01-01,235
US1FLAL0031,"GAINESVILLE 6.5 NW, FL US",2020-01-01,236
US1FLHL0012,"SYLVAN SHORES 8.5 NE, FL US",2020-01-01,237
US1FLHS0005,"BONIFAY 1.9 NE, FL US",2020-01-01,238
US1FLLE0057,"CAPE CORAL 4.9 S, FL US",2020-01-01,239
US1FLLE0055,"FORT MYERS 2.3 SW, FL US",2020-01-01,240
USC00084394,"JASPER, FL US",2020-01-01,241
US1FLIR0027,"VERO BEACH 2.5 S, FL US",2020-01-01,242
US1FLIR0026,"VERO BEACH 3.5 SSW, FL US",2020-01-01,243
US1FLIR0024,"VERO BEACH 3.4 W, FL US",2020-01-01,244
US1FLMD0079,"MIAMI 5.7 N, FL US",2020-01-01,245
USC00088756,"TALLAHASSEE AIRPORT, FL US",2020-01-01,246
US1FLSS0047,"SARASOTA 1.4 E, FL US",2020-01-01,247
USC00087429,"QUINCY 3 SSW, FL US",2020-01-01,248
US1FLPS0043,"LAND O LAKES 1.5 SSE, FL US",2020-01-01,249
US1FLHL0001,"LAKE PLACID 4.8 NW, FL US",2020-01-01,250
US1FLAL0026,"GAINESVILLE 1.7 SE, FL US",2020-01-01,251
US1FLSR0004,"PACE 2.4 N, FL US",2020-01-01,252
USW00092821,"TITUSVILLE 7 E, FL US",2020-01-01,253
USC00088782,"TAMPA BAY AREA WEATHER FORECAST OFFICE, FL US",2020-01-01,254
USW00092827,"SEBRING 23 SSE, FL US",2020-01-01,255
USW00092826,"EVERGLADES CITY 5 NE, FL US",2020-01-01,256
USC00088784,"TAMPA 6 NE, FL US",2020-01-01,257
US1FLMD0069,"HOMESTEAD 3.0 NW, FL US",2020-01-01,258
US1FLPB0007,"SUN VALLEY 0.8 SW, FL US",2020-01-01,259
US1FLPB0009,"JUPITER 7.9 W, FL US",2020-01-01,260
US1FLMD0061,"MIAMI 15.1 WSW, FL US",2020-01-01,261
US1FLWS0001,"VERNON 10.6 WSW, FL US",2020-01-01,262
US1FLSS0052,"SARASOTA 4.0 S, FL US",2020-01-01,263
US1FLWS0003,"SUNNY HILLS 3.3 N, FL US",2020-01-01,264
US1FLSS0053,"NORTH PORT 2.1 NNW, FL US",2020-01-01,265
US1FLWS0006,"VERNON 0.5 NW, FL US",2020-01-01,266
US1FLAL0017,"HIGH SPRINGS 3.2 SW, FL US",2020-01-01,267
US1FLBW0045,"MIRAMAR 3.7 E, FL US",2020-01-01,268
US1FLPB0012,"ABERDEEN 4.2 NNW, FL US",2020-01-01,269
US1FLPB0013,"LAKE WORTH 1.0 NNW, FL US",2020-01-01,270
USC00087205,"PLANT CITY, FL US",2020-01-01,271
US1FLPS0015,"DADE CITY 4.3 N, FL US",2020-01-01,272
US1FLAL0002,"ARCHER 5.5 E, FL US",2020-01-01,273
US1FLMD0051,"CUTLER RIDGE 1.5 SSW, FL US",2020-01-01,274
US1FLSS0067,"ENGLEWOOD 2.6 N, FL US",2020-01-01,275
US1FLSS0065,"NOKOMIS 3.6 E, FL US",2020-01-01,276
US1FLSS0063,"SARASOTA 4.8 ENE, FL US",2020-01-01,277
US1FLSS0062,"VAMO 2.1 E, FL US",2020-01-01,278
US1FLSR0026,"MILTON 2.9 NW, FL US",2020-01-01,279
US1FLAL0007,"GAINESVILLE 8.1 SW, FL US",2020-01-01,280
US1FLOS0041,"KISSIMMEE 3.7 SSW, FL US",2020-01-01,281
US1FLBV0005,"PALM BAY 3.1 NNW, FL US",2020-01-01,282
US1FLBV0006,"MELBOURNE 1.1 N, FL US",2020-01-01,283
US1FLWT0022,"DE FUNIAK SPRINGS 4.1 NNW, FL US",2020-01-01,284
US1FLWT0023,"DE FUNIAK SPRINGS 7.3 NNE, FL US",2020-01-01,285
US1FLWT0025,"INLET BEACH 2.7 WNW, FL US",2020-01-01,286
US1FLWT0028,"SEACREST 0.4 NW, FL US",2020-01-01,287
USW00003818,"MARIANNA MUNICIPAL AIRPORT, FL US",2020-01-01,288
US1FLPS0006,"LUTZ 3.4 NE, FL US",2020-01-01,289
US1FLWT0029,"DE FUNIAK SPRINGS 4.8 S, FL US",2020-01-01,290
US1FLPS0004,"PORT RICHEY 2.0 NNE, FL US",2020-01-01,291
US1FLPB0029,"INDIANTOWN 8.6 SW, FL US",2020-01-01,292
US1FLMD0041,"LINDGREN ACRES 0.7 SW, FL US",2020-01-01,293
US1FLPS0010,"DADE CITY 1.8 WSW, FL US",2020-01-01,294
US1FLSR0030,"NAVARRE 4.1 ENE, FL US",2020-01-01,295
US1FLSS0077,"SARASOTA 4.4 SSE, FL US",2020-01-01,296
US1FLHM0005,"WHITE SPRINGS 0.3 NW, FL US",2020-01-01,297
US1FLBV0001,"PALM BAY 2.6 SSE, FL US",2020-01-01,298
US1FLSS0075,"NORTH PORT 2.1 NNW, FL US",2020-01-01,299
US1FLBV0002,"PALM SHORES 1.4 W, FL US",2020-01-01,300
US1FLSR0035,"PACE 3.0 NNW, FL US",2020-01-01,301
US1FLOS0037,"ST CLOUD 3.1 E, FL US",2020-01-01,302
US1FLSR0036,"JAY 4.0 WSW, FL US",2020-01-01,303
US1FLSR0038,"NAVARRE 3.0 ENE, FL US",2020-01-01,304
US1FLLE0080,"CAPE CORAL 2.2 WNW, FL US",2020-01-01,305
US1FLOS0031,"CAMPBELL 1.4 NNW, FL US",2020-01-01,306
US1FLWT0012,"DE FUNIAK SPRINGS 2.9 N, FL US",2020-01-01,307
US1FLPB0031,"ROYAL PALM BEACH 5.0 W, FL US",2020-01-01,308
US1FLPB0034,"PAHOKEE 1.6 NE, FL US",2020-01-01,309
USC00089401,"WAUCHULA, FL US",2020-01-01,310
USC00087228,"MOUNT PLYMOUTH 1 SSW, FL US",2020-01-01,311
US1FLPB0037,"WELLINGTON 0.7 SE, FL US",2020-01-01,312
US1FLPS0001,"HUDSON 1.1 ESE, FL US",2020-01-01,313
US1FLSR0042,"MILTON 8.0 E, FL US",2020-01-01,314
US1FLSR0043,"MILTON 0.9 NNW, FL US",2020-01-01,315
US1FLSS0088,"OSPREY 1.1 ESE, FL US",2020-01-01,316
US1FLSR0044,"NAVARRE 0.6 N, FL US",2020-01-01,317
US1FLSS0084,"NORTH PORT 5.2 NNE, FL US",2020-01-01,318
US1FLSS0082,"ENGLEWOOD 0.2 ENE, FL US",2020-01-01,319
US1FLPT0032,"INTERLACHEN 4.4 WNW, FL US",2020-01-01,320
US1FLPT0033,"EAST PALATKA 1.0 SW, FL US",2020-01-01,321
USC00085076,"LISBON, FL US",2020-01-01,322
US1FLBW0076,"PLANTATION 3.4 E, FL US",2020-01-01,323
US1FLWT0003,"MIRAMAR BEACH 9.5 ESE, FL US",2020-01-01,324
US1FLOR0019,"UNION PARK 1.1 E, FL US",2020-01-01,325
US1FLMD0026,"MIAMI LAKES 0.3 NNW, FL US",2020-01-01,326
US1FLWT0005,"DE FUNIAK SPRINGS 12.5 NW, FL US",2020-01-01,327
US1FLMD0022,"HAMMOCKS 0.5 SSE, FL US",2020-01-01,328
US1FLJF0010,"MONTICELLO 2.9 WSW, FL US",2020-01-01,329
US1FLGL0013,"MOORE HAVEN 10.4 N, FL US",2020-01-01,330
US1FLBW0079,"MARGATE 0.4 W, FL US",2020-01-01,331
US1FLBV0023,"COCOA 2.6 WNW, FL US",2020-01-01,332
US1FLPT0027,"HOLLISTER 0.5 NW, FL US",2020-01-01,333
US1FLPT0026,"INTERLACHEN 3.6 NNE, FL US",2020-01-01,334
US1FLPT0024,"SAN MATEO 2.5 SE, FL US",2020-01-01,335
US1FLPT0021,"CRESCENT CITY 2.0 N, FL US",2020-01-01,336
US1FLJF0009,"MONTICELLO 4.3 ENE, FL US",2020-01-01,337
US1FLBV0014,"PALM BAY 1.0 NE, FL US",2020-01-01,338
US1FLBV0013,"ROCKLEDGE 1.1 WSW, FL US",2020-01-01,339
US1FLBV0011,"MELBOURNE BEACH 3.9 SSE, FL US",2020-01-01,340
US1FLLB0001,"TELOGIA 2.5 SE, FL US",2020-01-01,341
US1FLPT0012,"FLORAHOME 4.1 NNE, FL US",2020-01-01,342
US1FLES0015,"GONZALEZ 2.1 E, FL US",2020-01-01,343
US1FLBV0047,"ROCKLEDGE 1.8 NNE, FL US",2020-01-01,344
USW00092806,"ST PETERSBURG ALBERT WHITTED AIRPORT, FL US",2020-01-01,345
US1FLMD0007,"SUNSET 2.4 SW, FL US",2020-01-01,346
USC00088368,"SOUTH BAY 15 S, FL US",2020-01-01,347
USW00092805,"POMPANO BEACH AIRPARK, FL US",2020-01-01,348
USC00085099,"LIVE OAK, FL US",2020-01-01,349
USC00089219,"VERO BEACH 4 SE, FL US",2020-01-01,350
US1FLMD0003,"LINDGREN ACRES 0.5 WSW, FL US",2020-01-01,351
US1FLOR0046,"ORLANDO 2.2 WNW, FL US",2020-01-01,352
USW00092809,"HOLLYWOOD NORTH PERRY AIRPORT, FL US",2020-01-01,353
US1FLPT0009,"INTERLACHEN 2.8 NNE, FL US",2020-01-01,354
US1FLPT0007,"SATSUMA 4.0 NE, FL US",2020-01-01,355
US1FLPT0008,"EAST PALATKA 3.5 NNW, FL US",2020-01-01,356
US1FLPT0004,"SATSUMA 0.2 WSW, FL US",2020-01-01,357
USC00087261,"NEW SMYRNA BEACH MARINE DISCOVERY CENTER, FL US",2020-01-01,358
US1FLBV0038,"TITUSVILLE 3.5 NW, FL US",2020-01-01,359
US1FLBV0036,"MERRIT ISLAND 9.1 N, FL US",2020-01-01,360
USC00087020,"PERRINE 4 W, FL US",2020-01-01,361
USC00087025,"PERRY, FL US",2020-01-01,362
US1FLBW0067,"DAVIE 2.6 WSW, FL US",2020-01-01,363
USW00092814,"ST AUGUSTINE AIRPORT, FL US",2020-01-01,364
US1FLOR0026,"ORLANDO 4.8 NNW, FL US",2020-01-01,365
US1FLOR0034,"OCOEE 1.4 N, FL US",2020-01-01,366
US1FLOR0030,"ORLANDO 12.0 S, FL US",2020-01-01,367
USC00083909,"HIALEAH, FL US",2020-01-01,368
US1FLST0014,"THE VILLAGES 3.3 SSE, FL US",2020-01-01,369
US1FLCH0019,"PUNTA GORDA 1.4 NNW, FL US",2020-01-01,370
US1FLDV0120,"JACKSONVILLE 10.6 SSE, FL US",2020-01-01,371
USC00080414,"BAHIA HONDA STATE PARK, FL US",2020-01-01,372
US1FLDV0122,"JACKSONVILLE BEACH 1.7 NW, FL US",2020-01-01,373
US1FLOR0059,"ORLANDO 0.4 SW, FL US",2020-01-01,374
US1FLDV0126,"JACKSONVILLE 7.1 SW, FL US",2020-01-01,375
US1FLOR0062,"OAKLAND 2.6 SSE, FL US",2020-01-01,376
US1FLOR0065,"ORLANDO 5.3 ENE, FL US",2020-01-01,377
US1FLBV0067,"PALM BAY 4.9 S, FL US",2020-01-01,378
US1FLCH0023,"PUNTA GORDA 1.6 NNW, FL US",2020-01-01,379
US1FLOR0061,"OAKLAND 1.5 WSW, FL US",2020-01-01,380
US1FLST0009,"LADY LAKE 4.3 SSW, FL US",2020-01-01,381
US1FLES0024,"PENSACOLA 18.9 WSW, FL US",2020-01-01,382
US1FLBV0059,"PALM BAY 2.7 SSE, FL US",2020-01-01,383
US1FLOR0048,"UNION PARK 3.5 SE, FL US",2020-01-01,384
US1FLTY0008,"STEINHATCHEE 2.0 SE, FL US",2020-01-01,385
US1FLOR0055,"ORLANDO 6.8 W, FL US",2020-01-01,386
US1FLOR0054,"APOPKA 1.0 E, FL US",2020-01-01,387
US1FLBV0055,"MELBOURNE 4.1 S, FL US",2020-01-01,388
US1FLBV0052,"INDIALANTIC 3.3 NNW, FL US",2020-01-01,389
US1FLBV0050,"MELBOURNE 4.7 N, FL US",2020-01-01,390
US1FLST0035,"OXFORD 0.8 SW, FL US",2020-01-01,391
US1FLES0058,"PENSACOLA 1.2 SSW, FL US",2020-01-01,392
US1FLCH0039,"GROVE CITY 2.8 NE, FL US",2020-01-01,393
US1FLST0037,"THE VILLAGES 5.3 S, FL US",2020-01-01,394
US1FLES0056,"PENSACOLA 1.0 SW, FL US",2020-01-01,395
US1FLST0038,"WILDWOOD 2.8 ENE, FL US",2020-01-01,396
US1FLCH0036,"PORT CHARLOTTE 3.8 NE, FL US",2020-01-01,397
US1FLCH0035,"NORTH PORT 1.2 SSE, FL US",2020-01-01,398
US1FLST0032,"LADY LAKE 4.3 W, FL US",2020-01-01,399
US1FLCH0037,"PORT CHARLOTTE 3.7 NE, FL US",2020-01-01,400
US1FLBW0099,"WESTON 2.8 SE, FL US",2020-01-01,401
US1FLES0054,"PENSACOLA 6.4 N, FL US",2020-01-01,402
US1FLES0055,"PENSACOLA 12.4 WNW, FL US",2020-01-01,403
US1FLBW0095,"PLANTATION 1.9 SE, FL US",2020-01-01,404
USC00084802,"LAKELAND 2, FL US",2020-01-01,405
US1FLOR0085,"BITHLO 0.8 NW, FL US",2020-01-01,406
US1FLOR0081,"APOPKA 2.6 ENE, FL US",2020-01-01,407
US1FLOR0080,"BITHLO 7.6 S, FL US",2020-01-01,408
US1FLCH0044,"PORT CHARLOTTE 9.5 SW, FL US",2020-01-01,409
US1FLBV0085,"COCOA 4.6 NW, FL US",2020-01-01,410
US1FLCH0040,"NORTH PORT 5.4 SW, FL US",2020-01-01,411
US1FLCH0029,"PORT CHARLOTTE 9.3 SW, FL US",2020-01-01,412
US1FLES0048,"PENSACOLA 2.4 SW, FL US",2020-01-01,413
US1FLDV0133,"ORANGE PARK 5.9 ENE, FL US",2020-01-01,414
US1FLOR0074,"MEADOW WOOD 1.1 SSE, FL US",2020-01-01,415
US1FLBV0078,"COCOA 5.1 NW, FL US",2020-01-01,416
US1FLOR0072,"UNION PARK 3.1 SE, FL US",2020-01-01,417
US1FLST0039,"THE VILLAGES 5.1 SSE, FL US",2020-01-01,418
US1FLCH0030,"PORT CHARLOTTE 4.0 WSW, FL US",2020-01-01,419
US1FLBV0072,"PALM BAY 3.2 S, FL US",2020-01-01,420
US1FLCY0007,"KEYSTONE HEIGHTS 3.5 ENE, FL US",2020-01-01,421
US1FLCY0001,"FLEMING ISLAND 1.7 SE, FL US",2020-01-01,422
US1FLPN0009,"ST. PETERSBURG 2.3 SSE, FL US",2020-01-01,423
US1FLLV0018,"DUNNELLON 7.4 W, FL US",2020-01-01,424
US1FLLV0019,"ARCHER 6.7 SW, FL US",2020-01-01,425
US1FLHB0069,"RIVERVIEW 2.1 W, FL US",2020-01-01,426
USC00080211,"APALACHICOLA AIRPORT, FL US",2020-01-01,427
US1FLHB0060,"VALRICO 2.8 SSE, FL US",2020-01-01,428
US1FLMT0001,"PALM CITY 4.0 SW, FL US",2020-01-01,429
US1FLJK0002,"ALFORD 0.6 SSE, FL US",2020-01-01,430
US1FLJK0006,"MARIANNA 0.8 NNE, FL US",2020-01-01,431
US1FLJK0007,"GRACEVILLE 7.0 S, FL US",2020-01-01,432
US1FLGC0012,"TRENTON 7.0 E, FL US",2020-01-01,433
USC00081544,"CHIPLEY, FL US",2020-01-01,434
US1FLPN0006,"SOUTH PASADENA 1.0 NE, FL US",2020-01-01,435
USC00081306,"CAPE FLORIDA, FL US",2020-01-01,436
US1FLMT0019,"JENSEN BEACH 2.2 NW, FL US",2020-01-01,437
US1FLMT0018,"STUART 1.0 ESE, FL US",2020-01-01,438
US1FLMT0016,"CANAL POINT 9.9 NNE, FL US",2020-01-01,439
US1FLSW0008,"LIVE OAK 10.0 W, FL US",2020-01-01,440
US1FLCY0025,"ORANGE PARK 4.1 WSW, FL US",2020-01-01,441
US1FLHB0044,"RUSKIN 1.8 ESE, FL US",2020-01-01,442
USC00080236,"ARCHBOLD BIO STATION, FL US",2020-01-01,443
USC00080478,"BARTOW 1 SE, FL US",2020-01-01,444
US1FLHB0048,"GREATER NORTHDALE 0.4 ENE, FL US",2020-01-01,445
US1FLPN0035,"GULFPORT 0.9 NNW, FL US",2020-01-01,446
US1FLPN0034,"ST. PETERSBURG 3.2 NNW, FL US",2020-01-01,447
US1FLPN0036,"DUNEDIN 2.8 ESE, FL US",2020-01-01,448
US1FLCY0038,"KEYSTONE HEIGHTS 10.1 ENE, FL US",2020-01-01,449
US1FLLV0001,"DUNNELLON 10.1 NW, FL US",2020-01-01,450
US1FLSW0014,"SUWANNEE SPRINGS 0.9 S, FL US",2020-01-01,451
USC00083986,"HILLSBOROUGH RVR ST PARK, FL US",2020-01-01,452
US1FLHB0051,"LUTZ 2.2 SSE, FL US",2020-01-01,453
US1FLNS0017,"FERNANDINA BEACH 2.3 S, FL US",2020-01-01,454
US1FLNS0014,"FERNANDINA BEACH 6.3 SW, FL US",2020-01-01,455
USC00084621,"KISSIMMEE PRAIRIE PRESERVE, FL US",2020-01-01,456
USC00084625,"KISSIMMEE 2, FL US",2020-01-01,457
US1FLCY0042,"GREEN COVE SPRINGS 2.6 WNW, FL US",2020-01-01,458
US1FLNS0021,"FERNANDINA BEACH 2.4 S, FL US",2020-01-01,459
US1FLHN0007,"SPRING HILL 3.3 SE, FL US",2020-01-01,460
US1FLHN0008,"WEEKI WACHEE 3.0 N, FL US",2020-01-01,461
US1FLCY0055,"FLEMING ISLAND 1.3 NW, FL US",2020-01-01,462
US1FLCY0054,"KEYSTONE HEIGHTS 9.7 ENE, FL US",2020-01-01,463
US1FLHN0011,"NORTH BROOKSVILLE 6.3 NE, FL US",2020-01-01,464
US1FLHN0014,"SPRING HILL 2.4 NW, FL US",2020-01-01,465
US1FLGC0003,"NEWBERRY 4.0 WNW, FL US",2020-01-01,466
USC00085973,"MOUNTAIN LAKE, FL US",2020-01-01,467
US1FLGC0008,"TRENTON 4.0 NW, FL US",2020-01-01,468
USC00082229,"DELAND 1 SSE, FL US",2020-01-01,469
US1FLGD0011,"HAVANA 5.5 NE, FL US",2020-01-01,470
US1FLCY0064,"MIDDLEBURG 8.9 ENE, FL US",2020-01-01,471
US1FLHN0026,"SPRING HILL 2.4 WSW, FL US",2020-01-01,472
US1FLHN0024,"WEEKI WACHEE 7.1 NNE, FL US",2020-01-01,473
US1FLHB0098,"RIVERVIEW 4.8 SSW, FL US",2020-01-01,474
US1FLMR0003,"BELLEVIEW 6.0 SSE, FL US",2020-01-01,475
US1FLHN0039,"BROOKSVILLE 3.7 SE, FL US",2020-01-01,476
US1FLPB0043,"JUPITER 2.0 SW, FL US",2020-01-01,477
USW00013884,"CRESTVIEW FAA AP, FL US",2020-01-01,478
US1FLBY0007,"PANAMA CITY BEACH 0.3 SW, FL US",2020-01-01,479
US1FLHN0041,"SPRING HILL 3.6 ESE, FL US",2020-01-01,480
US1FLMR0013,"MICANOPY 3.6 SSW, FL US",2020-01-01,481
US1FLMR0018,"BELLEVIEW 4.8 E, FL US",2020-01-01,482
USC00084412,"JOHN PENNEKAMP STATE PARK, FL US",2020-01-01,483
USW00003853,"MAYPORT PILOT STATION, FL US",2020-01-01,484
US1FLGD0001,"QUINCY 6.0 SW, FL US",2020-01-01,485
USW00013889,"JACKSONVILLE INTERNATIONAL AIRPORT, FL US",2020-01-01,486
USW00003855,"PENSACOLA FOREST SHERMAN NAS, FL US",2020-01-01,487
US1FLHN0050,"BROOKSVILLE 7.1 W, FL US",2020-01-01,488
US1FLGD0003,"QUINCY 6.0 SW, FL US",2020-01-01,489
US1FLGD0004,"QUINCY 7.5 SSW, FL US",2020-01-01,490
US1FLGD0007,"HAVANA 5.1 SSW, FL US",2020-01-01,491
US1FLMR0020,"THE VILLAGES 2.7 NNW, FL US",2020-01-01,492
US1FLPB0061,"DELRAY BEACH 1.6 WSW, FL US",2020-01-01,493
US1FLPB0063,"DELRAY BEACH 1.9 SSE, FL US",2020-01-01,494
USC00085539,"MAYO, FL US",2020-01-01,495
US1FLPB0072,"BOYNTON BEACH 6.5 WNW, FL US",2020-01-01,496
US1FLHB0027,"LUTZ 1.3 SSE, FL US",2020-01-01,497
US1FLPB0080,"BOCA RATON 3.8 WSW, FL US",2020-01-01,498
US1FLHB0029,"TAMPA 6.5 NNE, FL US",2020-01-01,499
US1FLPB0081,"PALM BEACH SHORES 1.4 N, FL US",2020-01-01,500
USC00088824,"TARPON SPGS SEWAGE PLANT, FL US",2020-01-01,501
USC00082046,"CURRY HAMMOCK STATE PARK, FL US",2020-01-01,502
USC00082288,"DESOTO CITY 8 SW, FL US",2020-01-01,503
US1FLMT0048,"STUART 5.8 S, FL US",2020-01-01,504
US1FLMT0046,"PORT SALERNO 2.4 SW, FL US",2020-01-01,505
US1FLLE0037,"FORT MYERS 0.8 N, FL US",2020-01-01,506
US1FLOB0002,"OKEECHOBEE 27.1 NNW, FL US",2020-01-01,507
US1FLPB0095,"LAKE WORTH 0.5 ESE, FL US",2020-01-01,508
US1FLPB0096,"BELLE GLADE 2.6 N, FL US",2020-01-01,509
US1FLPB0098,"ROYAL PALM BEACH 6.9 WNW, FL US",2020-01-01,510
US1FLHB0033,"BLOOMINGDALE 7.6 ESE, FL US",2020-01-01,511
USC00086634,"ORLANDO WEST, FL US",2020-01-01,512
US1FLSW0001,"LIVE OAK 0.4 NE, FL US",2020-01-01,513
US1FLOB0008,"OKEECHOBEE 5.2 SSW, FL US",2020-01-01,514
US1FLMT0031,"PALM CITY 1.4 NW, FL US",2020-01-01,515
US1FLPS0094,"ZEPHYRHILLS 1.6 NW, FL US",2020-01-01,516
USC00083153,"FORT GREEN 12 WSW, FL US",2020-01-01,517
US1FLPS0097,"WESLEY CHAPEL 1.2 SSE, FL US",2020-01-01,518
US1FLHB0001,"PLANT CITY 6.5 NW, FL US",2020-01-01,519
US1FLHB0004,"VALRICO 2.2 SE, FL US",2020-01-01,520
US1FLLE0006,"BUCKINGHAM 1.7 SE, FL US",2020-01-01,521
US1FLBY0022,"PANAMA CITY BEACH 4.4 ESE, FL US",2020-01-01,522
US1FLBY0023,"LYNN HAVEN 1.0 W, FL US",2020-01-01,523
US1FLBY0024,"PANAMA CITY 1.9 SE, FL US",2020-01-01,524
US1FLBY0025,"PANAMA CITY BEACH 0.8 SE, FL US",2020-01-01,525
US1FLBY0026,"PARKER 0.6 NNE, FL US",2020-01-01,526
US1FLBY0027,"YOUNGSTOWN 6.7 WNW, FL US",2020-01-01,527
US1FLBY0028,"LYNN HAVEN 1.9 ENE, FL US",2020-01-01,528
US1FLVL0103,"ORANGE CITY 1.4 ENE, FL US",2020-01-01,529
US1FLVL0101,"NEW SMYRNA BEACH 1.4 WNW, FL US",2020-01-01,530
US1FLVL0104,"ORMOND BEACH 3.9 SW, FL US",2020-01-01,531
US1FLVL0105,"PIERSON 1.0 ENE, FL US",2020-01-01,532
US1FLHB0017,"SUN CITY CENTER 1.0 NE, FL US",2020-01-01,533
US1FLMT0042,"HOBE SOUND 0.6 WNW, FL US",2020-01-01,534
US1FLVL0110,"DE LAND 5.4 NNW, FL US",2020-01-01,535
US1FLPS0081,"DADE CITY 5.1 W, FL US",2020-01-01,536
US1FLPS0084,"ZEPHYRHILLS 2.0 SSE, FL US",2020-01-01,537
USC00087982,"SANFORD, FL US",2020-01-01,538
US1FLHB0010,"TAMPA 5.1 S, FL US",2020-01-01,539
USC00082298,"DEVILS GARDEN, FL US",2020-01-01,540
USC00086414,"OCALA, FL US",2020-01-01,541
US1FLPS0088,"LAND O LAKES 3.0 WNW, FL US",2020-01-01,542
US1FLPS0089,"NEW PORT RICHEY 4.7 S, FL US",2020-01-01,543
US1FLIR0064,"FLORIDA RIDGE 1.3 SW, FL US",2020-01-01,544
US1FLBY0010,"PANAMA CITY BEACH 5.9 WNW, FL US",2020-01-01,545
US1FLBY0014,"PANAMA CITY BEACH 4.9 ESE, FL US",2020-01-01,546
US1FLBY0015,"FOUNTAIN 3.4 SSE, FL US",2020-01-01,547
US1FLBY0019,"LYNN HAVEN 0.4 E, FL US",2020-01-01,548
US1FLMT0039,"PALM CITY 0.9 SW, FL US",2020-01-01,549
US1FLMT0037,"STUART 5.9 SSE, FL US",2020-01-01,550
US1FLMT0036,"JENSEN BEACH 1.4 N, FL US",2020-01-01,551
US1FLMT0035,"STUART 8.4 S, FL US",2020-01-01,552
USW00093837,"JACKSONVILLE NAS, FL US",2020-01-01,553
US1FLPK0039,"BARTOW 7.8 SE, FL US",2020-01-01,554
USW00012832,"APALACHICOLA AIRPORT, FL US",2020-01-01,555
US1FLPK0035,"FROSTPROOF 4.6 SW, FL US",2020-01-01,556
USC00088620,"STUART, FL US",2020-01-01,557
US1FLPK0032,"LAKELAND 5.3 WNW, FL US",2020-01-01,558
USC00085359,"MARCO ISLAND, FL US",2020-01-01,559
US1FLBW0116,"PLANTATION 2.3 WNW, FL US",2020-01-01,560
US1FLMR0092,"OCALA 9.9 SW, FL US",2020-01-01,561
US1FLSL0022,"PORT ST. LUCIE 2.4 N, FL US",2020-01-01,562
US1FLMR0094,"OCALA 8.4 SSW, FL US",2020-01-01,563
USC00087760,"ROYAL PALM RANGER STATION, FL US",2020-01-01,564
US1FLSM0053,"WINTER SPRINGS 0.8 ESE, FL US",2020-01-01,565
USW00012842,"TAMPA INTERNATIONAL AIRPORT, FL US",2020-01-01,566
USC00083163,"FORT LAUDERDALE, FL US",2020-01-01,567
US1FLSM0052,"CASSELBERRY 1.9 E, FL US",2020-01-01,568
USW00012843,"VERO BEACH INTERNATIONAL AIRPORT, FL US",2020-01-01,569
US1FLSM0055,"OVIEDO 3.2 NNE, FL US",2020-01-01,570
US1FLBW0121,"POMPANO BEACH 3.1 NE, FL US",2020-01-01,571
USW00012841,"ORLANDO EXECUTIVE AIRPORT, FL US",2020-01-01,572
USC00083168,"FORT LAUDERDALE BEACH, FL US",2020-01-01,573
US1FLSM0057,"CHULUOTA 2.4 SE, FL US",2020-01-01,574
USW00093841,"WHITING FIELD NAS, FL US",2020-01-01,575
US1FLLK0003,"GROVELAND 1.7 E, FL US",2020-01-01,576
USW00012839,"MIAMI INTERNATIONAL AIRPORT, FL US",2020-01-01,577
US1FLSL0017,"TRADITION 5.6 W, FL US",2020-01-01,578
USW00012838,"MELBOURNE INTERNATIONAL AIRPORT, FL US",2020-01-01,579
USW00012835,"FORT MYERS PAGE FIELD AIRPORT, FL US",2020-01-01,580
USW00012836,"KEY WEST INTERNATIONAL AIRPORT, FL US",2020-01-01,581
US1FLSM0050,"LONGWOOD 1.5 N, FL US",2020-01-01,582
USW00012834,"DAYTONA BEACH INTERNATIONAL AIRPORT, FL US",2020-01-01,583
US1FLSL0013,"PORT ST. LUCIE 2.4 SSW, FL US",2020-01-01,584
US1FLMR0068,"OCALA 3.2 ENE, FL US",2020-01-01,585
USC00085377,"MARIANNA 7 NE, FL US",2020-01-01,586
USW00012854,"ORLANDO SANFORD AIRPORT, FL US",2020-01-01,587
USC00084289,"INVERNESS 3 SE, FL US",2020-01-01,588
USW00012850,"KEY WEST NAS, FL US",2020-01-01,589
US1FLLK0036,"CLERMONT 2.1 NW, FL US",2020-01-01,590
USW00012849,"FORT LAUDERDALE INTERNATIONAL AIRPORT, FL US",2020-01-01,591
USW00012844,"WEST PALM BEACH INTERNATIONAL AIRPORT, FL US",2020-01-01,592
US1FLMR0074,"BELLEVIEW 1.6 E, FL US",2020-01-01,593
US1FLLK0031,"LADY LAKE 5.5 S, FL US",2020-01-01,594
US1FLLK0030,"LEESBURG 2.7 NW, FL US",2020-01-01,595
US1FLMR0079,"OCALA 8.3 W, FL US",2020-01-01,596
USW00012861,"OCALA JIM TAYLOR FIELD, FL US",2020-01-01,597
USC00087304,"PORT SALERNO 5 W, FL US",2020-01-01,598
US1FLPB0116,"JUPITER 2.9 NW, FL US",2020-01-01,599
US1FLLK0023,"LEESBURG 9.9 NE, FL US",2020-01-01,600
US1FLPB0117,"GREENACRES CITY 2.9 SW, FL US",2020-01-01,601
US1FLPB0118,"WELLINGTON 1.9 ENE, FL US",2020-01-01,602
US1FLLK0028,"FRUITLAND PARK 0.8 NNW, FL US",2020-01-01,603
US1FLLK0027,"OAKLAND 3.4 WSW, FL US",2020-01-01,604
US1FLBW0103,"MIRAMAR 2.1 W, FL US",2020-01-01,605
US1FLSL0033,"FORT PIERCE 5.1 SSW, FL US",2020-01-01,606
US1FLSL0031,"PORT ST. LUCIE 4.4 NNW, FL US",2020-01-01,607
US1FLMR0089,"OCALA 12.5 W, FL US",2020-01-01,608
US1FLLK0021,"LADY LAKE 1.2 ESE, FL US",2020-01-01,609
US1FLMR0088,"THE VILLAGES 3.7 NNW, FL US",2020-01-01,610
US1FLBV0109,"SATELLITE BEACH 1.7 NNW, FL US",2020-01-01,611
US1FLSM0027,"ALTAMONTE SPRINGS 1.4 SE, FL US",2020-01-01,612
US1FLBV0107,"INDIALANTIC 2.1 NNW, FL US",2020-01-01,613
USC00086240,"NICEVILLE, FL US",2020-01-01,614
USW00012876,"WINTER HAVEN GILBERT AIRPORT, FL US",2020-01-01,615
US1FLPK0078,"LOUGHMAN 2.0 ESE, FL US",2020-01-01,616
USW00012873,"ST PETERSBURG CLEARWATER INTERNATIONAL AIRPORT, FL US",2020-01-01,617
US1FLBW0155,"COOPER CITY 1.3 NE, FL US",2020-01-01,618
US1FLPK0076,"AUBURNDALE 2.4 NNE, FL US",2020-01-01,619
USW00012871,"SARASOTA BRADENTON AIRPORT, FL US",2020-01-01,620
US1FLPB0122,"NORTH PALM BEACH 0.7 W, FL US",2020-01-01,621
US1FLSM0026,"ALTAMONTE SPRINGS 1.5 N, FL US",2020-01-01,622
US1FLPB0124,"NORTH PALM BEACH 0.3 SW, FL US",2020-01-01,623
US1FLBW0151,"SUNRISE 0.4 NNE, FL US",2020-01-01,624
US1FLPK0071,"WINTER HAVEN 6.1 SW, FL US",2020-01-01,625
US1FLPB0127,"BOCA RATON 5.5 WNW, FL US",2020-01-01,626
US1FLPB0129,"BOCA RATON 3.2 SSE, FL US",2020-01-01,627
USC00080945,"BRADENTON 5 ESE, FL US",2020-01-01,628
US1FLBW0159,"FORT LAUDERDALE 3.7 NNE, FL US",2020-01-01,629
US1FLMR0056,"OCALA 10.7 WSW, FL US",2020-01-01,630
US1FLMR0057,"OCALA 4.6 N, FL US",2020-01-01,631
US1FLSM0018,"SANFORD 1.9 WNW, FL US",2020-01-01,632
USW00093805,"TALLAHASSEE REGIONAL AIRPORT, FL US",2020-01-01,633
USC00084050,"HOLLYWOOD, FL US",2020-01-01,634
US1FLDV0071,"JACKSONVILLE 11.3 WNW, FL US",2020-01-01,635
USW00012885,"FORT LAUDERDALE EXECUTIVE AIRPORT, FL US",2020-01-01,636
USW00012882,"MIAMI OPA LOCKA AIRPORT, FL US",2020-01-01,637
US1FLBW0160,"SUNRISE 1.3 NW, FL US",2020-01-01,638
US1FLDV0079,"JACKSONVILLE 9.6 SE, FL US",2020-01-01,639
USW00012883,"LAKELAND LINDER REGIONAL AIRPORT, FL US",2020-01-01,640
US1FLBW0161,"PEMBROKE PINES 0.7 N, FL US",2020-01-01,641
US1FLBW0162,"MARGATE 0.8 NNW, FL US",2020-01-01,642
US1FLBW0167,"DEERFIELD BEACH 1.7 E, FL US",2020-01-01,643
US1FLBW0168,"PEMBROKE PINES 1.6 NE, FL US",2020-01-01,644
US1FLMR0065,"BELLEVIEW 3.3 SSW, FL US",2020-01-01,645
US1FLSM0049,"WINTER SPRINGS 0.6 E, FL US",2020-01-01,646
US1FLLN0084,"TALLAHASSEE 5.0 E, FL US",2020-01-01,647
US1FLLN0081,"TALLAHASSEE 10.6 ENE, FL US",2020-01-01,648
US1FLLN0082,"TALLAHASSEE 2.5 SSE, FL US",2020-01-01,649
US1FLBV0126,"ROCKLEDGE 0.9 NW, FL US",2020-01-01,650
US1FLLN0080,"TALLAHASSEE 4.7 ENE, FL US",2020-01-01,651
US1FLBV0125,"MELBOURNE 2.5 S, FL US",2020-01-01,652
USW00012897,"NAPLES MUNICIPAL AIRPORT, FL US",2020-01-01,653
US1FLBW0131,"MIRAMAR 2.3 W, FL US",2020-01-01,654
USW00012895,"FORT PIERCE ST LUCIE CO INTERNATIONAL AIRPORT, FL US",2020-01-01,655
US1FLLN0089,"TALLAHASSEE 7.6 NNE, FL US",2020-01-01,656
USW00012896,"MARATHON AIRPORT, FL US",2020-01-01,657
US1FLSM0043,"WINTER SPRINGS 0.6 S, FL US",2020-01-01,658
USW00012894,"FORT MYERS SW FLORIDA REGIONAL AIRPORT, FL US",2020-01-01,659
US1FLSM0047,"SANFORD 2.5 W, FL US",2020-01-01,660
US1FLBW0139,"SUNRISE 2.1 N, FL US",2020-01-01,661
USW00012888,"MIAMI KENDALL TAMIAMI EXEC AIRPORT, FL US",2020-01-01,662
US1FLBW0137,"POMPANO BEACH 1.2 NNE, FL US",2020-01-01,663
US1FLBV0123,"PALM BAY 2.5 W, FL US",2020-01-01,664
US1FLDS0003,"LAKE SUZY 1.0 W, FL US",2020-01-01,665
US1FLSM0039,"LONGWOOD 2.8 NW, FL US",2020-01-01,666
US1FLSM0038,"WINTER SPRINGS 1.8 SSE, FL US",2020-01-01,667
US1FLDV0091,"JACKSONVILLE 10.6 NNW, FL US",2020-01-01,668
US1FLDV0094,"JACKSONVILLE 4.1 SW, FL US",2020-01-01,669
US1FLSM0030,"WINTER SPRINGS 2.3 E, FL US",2020-01-01,670
US1FLSM0035,"CASSELBERRY 2.3 ESE, FL US",2020-01-01,671
US1FLSM0034,"OVIEDO 2.1 N, FL US",2020-01-01,672
US1FLSM0037,"CHULUOTA 0.6 WSW, FL US",2020-01-01,673
US1FLAL0102,"NEWBERRY 3.0 NNE, FL US",2020-01-01,674
US1FLBW0148,"CORAL SPRINGS 0.4 S, FL US",2020-01-01,675
US1FLBV0111,"MELBOURNE 7.7 WNW, FL US",2020-01-01,676
US1FLBV0110,"PALM BAY 3.7 NE, FL US",2020-01-01,677
US1FLWK0010,"CRAWFORDVILLE 1.0 S, FL US",2020-01-01,678
USC00089795,"WOODRUFF DAM, FL US",2020-01-01,679
US1FLBV0149,"ROCKLEDGE 1.6 NNE, FL US",2020-01-01,680
US1FLBV0146,"MERRITT ISLAND 3.1 NNW, FL US",2020-01-01,681
US1FLPN0090,"PINELLAS PARK 1.7 ENE, FL US",2020-01-01,682
USC00086048,"MUSE, FL US",2020-01-01,683
US1FLDV0042,"JACKSONVILLE 10.3 SW, FL US",2020-01-01,684
US1FLBV0145,"TITUSVILLE 1.7 NNW, FL US",2020-01-01,685
US1FLSJ0016,"ST. AUGUSTINE 12.2 WNW, FL US",2020-01-01,686
US1FLBV0143,"MERRITT ISLAND 3.4 NNW, FL US",2020-01-01,687
US1FLPN0099,"ST. PETERSBURG 4.9 WNW, FL US",2020-01-01,688
US1FLSJ0020,"ST. AUGUSTINE 3.1 SSE, FL US",2020-01-01,689
USC00084095,"HOMESTEAD GEN AVIATION AIRPORT, FL US",2020-01-01,690
US1FLBV0137,"WEST MELBOURNE 1.6 WNW, FL US",2020-01-01,691
USC00085184,"LOXAHATCHEE NWR, FL US",2020-01-01,692
US1FLBV0136,"PALM BAY 1.5 NNW, FL US",2020-01-01,693
US1FLDV0033,"JACKSONVILLE 10.0 WSW, FL US",2020-01-01,694
USC00080737,"BIG CYPRESS, FL US",2020-01-01,695
US1FLBV0134,"COCOA 1.1 WNW, FL US",2020-01-01,696
US1FLSJ0028,"ST. AUGUSTINE 3.4 SW, FL US",2020-01-01,697
US1FLPN0081,"ST. PETERSBURG 2.5 S, FL US",2020-01-01,698
US1FLPN0083,"CLEARWATER 1.6 N, FL US",2020-01-01,699
US1FLSJ0023,"ST. AUGUSTINE 3.4 NW, FL US",2020-01-01,700
US1FLPN0087,"GULFPORT 0.6 SSE, FL US",2020-01-01,701
US1FLSJ0031,"PALM VALLEY 5.9 SSW, FL US",2020-01-01,702
US1FLSJ0030,"FRUIT COVE 1.9 N, FL US",2020-01-01,703
USC00086065,"MYAKKA RIVER ST PK, FL US",2020-01-01,704
US1FLBW0170,"HOLLYWOOD 2.2 SE, FL US",2020-01-01,705
US1FLMD0123,"MIAMI 2.1 SW, FL US",2020-01-01,706
US1FLBW0172,"WILTON MANORS 0.3 NNW, FL US",2020-01-01,707
USC00082944,"FERNANDINA BEACH, FL US",2020-01-01,708
US1FLSJ0034,"ST. AUGUSTINE 5.1 WNW, FL US",2020-01-01,709
US1FLSJ0033,"SAWGRASS 2.2 S, FL US",2020-01-01,710
US1FLDV0050,"JACKSONVILLE 8.9 ENE, FL US",2020-01-01,711
US1FLMD0119,"NORTH MIAMI BEACH 1.7 NNE, FL US",2020-01-01,712
US1FLMD0115,"CUTLER BAY 0.4 NNE, FL US",2020-01-01,713
USC00089566,"WEWAHITCHKA, FL US",2020-01-01,714
US1FLMD0111,"MIAMI 3.1 SSW, FL US",2020-01-01,715
US1FLMN0023,"MARATHON 6.8 ENE, FL US",2020-01-01,716
US1FLMN0025,"KEY LARGO 6.2 NE, FL US",2020-01-01,717
US1FLBV0154,"MELBOURNE 3.5 N, FL US",2020-01-01,718
US1FLBV0151,"PALM BAY 1.8 NNE, FL US",2020-01-01,719
US1FLDV0003,"JACKSONVILLE 5.9 SW, FL US",2020-01-01,720
US1FLLK0057,"CLERMONT 6.1 NNE, FL US",2020-01-01,721
US1FLLK0056,"LEESBURG 4.9 WSW, FL US",2020-01-01,722
US1FLCR0053,"NAPLES 16.6 ENE, FL US",2020-01-01,723
US1FLCR0052,"NAPLES 18.6 ENE, FL US",2020-01-01,724
US1FLLK0054,"TAVARES 2.4 WNW, FL US",2020-01-01,725
US1FLLK0052,"GROVELAND 5.1 NE, FL US",2020-01-01,726
US1FLCR0059,"NAPLES 11.8 ENE, FL US",2020-01-01,727
US1FLSL0050,"PORT ST. LUCIE 1.8 SW, FL US",2020-01-01,728
USC00086078,"NAPLES, FL US",2020-01-01,729
US1FLLK0046,"CLERMONT 6.5 S, FL US",2020-01-01,730
US1FLSS0102,"VENICE 4.2 ESE, FL US",2020-01-01,731
US1FLLK0044,"PAISLEY 2.4 E, FL US",2020-01-01,732
US1FLSS0100,"VENICE 4.9 SSE, FL US",2020-01-01,733
US1FLLK0049,"CLERMONT 12.7 SSE, FL US",2020-01-01,734
US1FLLK0048,"TAVARES 0.4 SSE, FL US",2020-01-01,735
US1FLSL0054,"JENSEN BEACH 4.1 NNE, FL US",2020-01-01,736
US1FLLK0043,"LADY LAKE 4.0 ESE, FL US",2020-01-01,737
US1FLLK0042,"CLERMONT 4.1 S, FL US",2020-01-01,738
US1FLSL0059,"FORT PIERCE 5.8 SSE, FL US",2020-01-01,739
US1FLLK0041,"LEESBURG 5.5 S, FL US",2020-01-01,740
US1FLSL0058,"PORT ST. LUCIE 4.7 N, FL US",2020-01-01,741
US1FLDV0026,"JACKSONVILLE 7.3 SW, FL US",2020-01-01,742
US1FLCR0071,"NAPLES MANOR 2.3 ENE, FL US",2020-01-01,743
US1FLPN0079,"ST. PETERSBURG 2.2 N, FL US",2020-01-01,744
US1FLHY0013,"CLEWISTON 13.4 WSW, FL US",2020-01-01,745
US1FLDV0028,"JACKSONVILLE 3.8 ESE, FL US",2020-01-01,746
US1FLCR0075,"EAST NAPLES 2.0 ENE, FL US",2020-01-01,747
US1FLHY0011,"LABELLE 1.5 ENE, FL US",2020-01-01,748
US1FLPN0071,"PALM HARBOR 1.0 S, FL US",2020-01-01,749
US1FLCR0077,"NAPLES 2.9 SSE, FL US",2020-01-01,750
US1FLPN0074,"ST. PETERSBURG 1.6 WNW, FL US",2020-01-01,751
US1FLPN0077,"SEMINOLE 3.3 WNW, FL US",2020-01-01,752
USC00086092,"NETTLES ISLAND, FL US",2020-01-01,753
USC00089120,"USHER TOWER, FL US",2020-01-01,754
USC00081641,"CLERMONT 9 S, FL US",2020-01-01,755
USW00012818,"BROOKSVILLE HERNANDO CO AIRPORT, FL US",2020-01-01,756
US1FLBK0007,"MACCLENNY 4.9 SSW, FL US",2020-01-01,757
USW00012815,"ORLANDO INTERNATIONAL AIRPORT, FL US",2020-01-01,758
US1FLBK0006,"GLEN ST. MARY 1.7 N, FL US",2020-01-01,759
US1FLCR0062,"GOLDEN GATE 2.2 SW, FL US",2020-01-01,760
USW00012812,"PUNTA GORDA CHARLOTTE CO AIRPORT, FL US",2020-01-01,761
US1FLPN0060,"ST. PETERSBURG 4.5 NW, FL US",2020-01-01,762
US1FLSJ0004,"ST. AUGUSTINE SOUTH 2.1 SSW, FL US",2020-01-01,763
US1FLCR0067,"AVE MARIA 2.3 SSW, FL US",2020-01-01,764
US1FLBK0005,"GLEN ST. MARY 4.4 SW, FL US",2020-01-01,765
US1FLBK0003,"SANDERSON 4.9 NNW, FL US",2020-01-01,766
USW00012819,"LEESBURG MUNICIPAL AIRPORT, FL US",2020-01-01,767
